{
  "type": "FeatureCollection",
  "features": [
    {
      "type": "Feature",
      "properties": {
        "zone_id": 1,
        "zone_code": "Z01",
        "name": "1구간 (성서산단·이곡·용산)",
        "urban_only": true
      },
      "geometry": {
        "type": "Polygon",
        "coordinates": [
          [
            [
              128.53067,
              35.84909
            ],
            [
              128.53069,
              35.84676
            ],
            [
              128.53263,
              35.84454
            ],
            [
              128.53462,
              35.84358
            ],
            [
              128.53607,
              35.84353
            ],
            [
              128.53603,
              35.84191
            ],
            [
              128.53085,
              35.84198
            ],
            [
              128.52753,
              35.84146
            ],
            [
              128.52795,
              35.83895
            ],
            [
              128.52761,
              35.8371
            ],
            [
              128.51258,
              35.83606
            ],
            [
              128.50737,
              35.83557
            ],
            [
              128.49223,
              35.83499
            ],
            [
              128.48235,
              35.83502
            ],
            [
              128.48541,
              35.8327
            ],
            [
              128.48458,
              35.83201
            ],
            [
              128.47719,
              35.82751
            ],
            [
              128.47064,
              35.833
            ],
            [
              128.47078,
              35.84381
            ],
            [
              128.47194,
              35.85352
            ],
            [
              128.47304,
              35.85951
            ],
            [
              128.47401,
              35.8616
            ],
            [
              128.47502,
              35.86184
            ],
            [
              128.47706,
              35.8619
            ],
            [
              128.47815,
              35.86266
            ],
            [
              128.47962,
              35.86566
            ],
            [
              128.48114,
              35.86711
            ],
            [
              128.48234,
              35.86781
            ],
            [
              128.48587,
              35.86816
            ],
            [
              128.48708,
              35.86808
            ],
            [
              128.48779,
              35.86783
            ],
            [
              128.4891,
              35.86687
            ],
            [
              128.49473,
              35.86502
            ],
            [
              128.49742,
              35.8644
            ],
            [
              128.49889,
              35.86435
            ],
            [
              128.50118,
              35.86378
            ],
            [
              128.5016,
              35.86385
            ],
            [
              128.50199,
              35.8641
            ],
            [
              128.5024,
              35.8646
            ],
            [
              128.5026,
              35.86516
            ],
            [
              128.50383,
              35.86588
            ],
            [
              128.50416,
              35.86599
            ],
            [
              128.50762,
              35.86621
            ],
            [
              128.50893,
              35.86727
            ],
            [
              128.51065,
              35.86843
            ],
            [
              128.51203,
              35.86863
            ],
            [
              128.51561,
              35.86811
            ],
            [
              128.51915,
              35.86958
            ],
            [
              128.52081,
              35.86774
            ],
            [
              128.52488,
              35.86729
            ],
            [
              128.52531,
              35.866
            ],
            [
              128.52553,
              35.86474
            ],
            [
              128.52636,
              35.86394
            ],
            [
              128.52858,
              35.86375
            ],
            [
              128.53127,
              35.86334
            ],
            [
              128.534,
              35.86233
            ],
            [
              128.5333,
              35.8591
            ],
            [
              128.53327,
              35.85685
            ],
            [
              128.53407,
              35.85683
            ],
            [
              128.53399,
              35.85318
            ],
            [
              128.5334,
              35.84987
            ],
            [
              128.53067,
              35.84909
            ]
          ]
        ]
      }
    },
    {
      "type": "Feature",
      "properties": {
        "zone_id": 2,
        "zone_code": "Z02",
        "name": "2구간 (서대구산단·평리·비산·내당)",
        "urban_only": true
      },
      "geometry": {
        "type": "Polygon",
        "coordinates": [
          [
            [
              128.54933,
              35.85493
            ],
            [
              128.54807,
              35.85457
            ],
            [
              128.54508,
              35.85607
            ],
            [
              128.54361,
              35.8558
            ],
            [
              128.54023,
              35.8563
            ],
            [
              128.53989,
              35.85907
            ],
            [
              128.5333,
              35.8591
            ],
            [
              128.534,
              35.86233
            ],
            [
              128.53127,
              35.86334
            ],
            [
              128.52858,
              35.86375
            ],
            [
              128.52636,
              35.86394
            ],
            [
              128.52553,
              35.86474
            ],
            [
              128.52531,
              35.866
            ],
            [
              128.52488,
              35.86729
            ],
            [
              128.52081,
              35.86774
            ],
            [
              128.51915,
              35.86958
            ],
            [
              128.5203,
              35.87081
            ],
            [
              128.52121,
              35.87307
            ],
            [
              128.52093,
              35.87599
            ],
            [
              128.52076975409835,
              35.876577315573755
            ],
            [
              128.532,
              35.885
            ],
            [
              128.52994796326436,
              35.88793148105092
            ],
            [
              128.53118,
              35.88763
            ],
            [
              128.5348,
              35.88797
            ],
            [
              128.53658,
              35.88842
            ],
            [
              128.53876,
              35.88931
            ],
            [
              128.54211,
              35.89135
            ],
            [
              128.54275,
              35.89246
            ],
            [
              128.54601,
              35.89383
            ],
            [
              128.55101,
              35.8955
            ],
            [
              128.55203,
              35.89417
            ],
            [
              128.5519,
              35.89405
            ],
            [
              128.55197,
              35.89396
            ],
            [
              128.55431,
              35.89127
            ],
            [
              128.55509,
              35.89077
            ],
            [
              128.57615,
              35.88761
            ],
            [
              128.58208,
              35.88513
            ],
            [
              128.58017,
              35.87908
            ],
            [
              128.57794,
              35.8795
            ],
            [
              128.57839,
              35.87624
            ],
            [
              128.57931,
              35.87533
            ],
            [
              128.57847,
              35.87536
            ],
            [
              128.57686,
              35.87623
            ],
            [
              128.57665,
              35.87606
            ],
            [
              128.5756,
              35.87405
            ],
            [
              128.57563,
              35.87309
            ],
            [
              128.57681,
              35.87196
            ],
            [
              128.57793,
              35.87204
            ],
            [
              128.57891,
              35.87238
            ],
            [
              128.57954,
              35.87277
            ],
            [
              128.57938,
              35.87047
            ],
            [
              128.57972,
              35.87031
            ],
            [
              128.57854,
              35.86883
            ],
            [
              128.57505,
              35.86638
            ],
            [
              128.5738,
              35.86535
            ],
            [
              128.5742,
              35.86268
            ],
            [
              128.56771,
              35.86108
            ],
            [
              128.55847,
              35.85825
            ],
            [
              128.54933,
              35.85493
            ]
          ]
        ]
      }
    },
    {
      "type": "Feature",
      "properties": {
        "zone_id": 3,
        "zone_code": "Z03",
        "name": "3구간 (칠곡지구·태전·구암·관음·국우·도남)",
        "urban_only": true
      },
      "geometry": {
        "type": "Polygon",
        "coordinates": [
          [
            [
              128.56966,
              35.92349
            ],
            [
              128.56916,
              35.92216
            ],
            [
              128.56943,
              35.92033
            ],
            [
              128.56995,
              35.91958
            ],
            [
              128.56852,
              35.91266
            ],
            [
              128.56832,
              35.91026
            ],
            [
              128.56969,
              35.90514
            ],
            [
              128.57195,
              35.90564
            ],
            [
              128.57298,
              35.90563
            ],
            [
              128.57281,
              35.90368
            ],
            [
              128.57031,
              35.90317
            ],
            [
              128.56781,
              35.90204
            ],
            [
              128.56564,
              35.90061
            ],
            [
              128.56249,
              35.89795
            ],
            [
              128.56094,
              35.89696
            ],
            [
              128.55849,
              35.89691
            ],
            [
              128.55375,
              35.89578
            ],
            [
              128.55203,
              35.89417
            ],
            [
              128.55101,
              35.8955
            ],
            [
              128.54601,
              35.89383
            ],
            [
              128.54275,
              35.89246
            ],
            [
              128.54211,
              35.89135
            ],
            [
              128.53876,
              35.88931
            ],
            [
              128.53658,
              35.88842
            ],
            [
              128.5348,
              35.88797
            ],
            [
              128.53118,
              35.88763
            ],
            [
              128.52994796326436,
              35.88793148105092
            ],
            [
              128.525,
              35.895
            ],
            [
              128.51223706823924,
              35.89308556023589
            ],
            [
              128.51019,
              35.89301
            ],
            [
              128.50784,
              35.89268
            ],
            [
              128.5067838150289,
              35.89226757225434
            ],
            [
              128.505,
              35.892
            ],
            [
              128.50415,
              35.89059
            ],
            [
              128.50445,
              35.89316
            ],
            [
              128.50475,
              35.89875
            ],
            [
              128.50517,
              35.903
            ],
            [
              128.50717,
              35.9066
            ],
            [
              128.51099,
              35.91051
            ],
            [
              128.51378,
              35.91165
            ],
            [
              128.51403,
              35.91171
            ],
            [
              128.51439,
              35.91158
            ],
            [
              128.51789,
              35.91324
            ],
            [
              128.52197,
              35.9164
            ],
            [
              128.52285,
              35.91717
            ],
            [
              128.5233,
              35.91775
            ],
            [
              128.52324,
              35.91934
            ],
            [
              128.52586,
              35.92235
            ],
            [
              128.52656,
              35.92276
            ],
            [
              128.52873,
              35.92355
            ],
            [
              128.52966,
              35.92358
            ],
            [
              128.52945,
              35.92559
            ],
            [
              128.52955,
              35.92856
            ],
            [
              128.53101,
              35.93006
            ],
            [
              128.53299,
              35.93148
            ],
            [
              128.53354,
              35.9322
            ],
            [
              128.53402,
              35.93361
            ],
            [
              128.53383,
              35.93483
            ],
            [
              128.53437,
              35.93713
            ],
            [
              128.53506,
              35.93875
            ],
            [
              128.53395,
              35.94625
            ],
            [
              128.53297,
              35.94946
            ],
            [
              128.53274,
              35.94982
            ],
            [
              128.53261,
              35.95102
            ],
            [
              128.53268,
              35.95215
            ],
            [
              128.53463,
              35.95844
            ],
            [
              128.53347,
              35.96036
            ],
            [
              128.53194,
              35.96134
            ],
            [
              128.53045,
              35.96249
            ],
            [
              128.53025,
              35.96467
            ],
            [
              128.52964,
              35.96857
            ],
            [
              128.52696,
              35.97526
            ],
            [
              128.52701,
              35.97583
            ],
            [
              128.52717,
              35.97602
            ],
            [
              128.52838,
              35.97654
            ],
            [
              128.52924,
              35.97738
            ],
            [
              128.52931,
              35.97778
            ],
            [
              128.52879,
              35.98045
            ],
            [
              128.53084,
              35.98043
            ],
            [
              128.53381,
              35.97905
            ],
            [
              128.5342,
              35.97901
            ],
            [
              128.53688,
              35.97799
            ],
            [
              128.54223,
              35.97486
            ],
            [
              128.54551,
              35.96932
            ],
            [
              128.54599,
              35.96786
            ],
            [
              128.546,
              35.96746
            ],
            [
              128.54585,
              35.96712
            ],
            [
              128.54603,
              35.96628
            ],
            [
              128.54722,
              35.9645
            ],
            [
              128.54956,
              35.96226
            ],
            [
              128.55038,
              35.96179
            ],
            [
              128.55285,
              35.96074
            ],
            [
              128.55332,
              35.96076
            ],
            [
              128.55347,
              35.96104
            ],
            [
              128.55316,
              35.96343
            ],
            [
              128.55603,
              35.96571
            ],
            [
              128.55609,
              35.96731
            ],
            [
              128.55584,
              35.96835
            ],
            [
              128.55577,
              35.96931
            ],
            [
              128.55624,
              35.97059
            ],
            [
              128.55686,
              35.97101
            ],
            [
              128.5583,
              35.97167
            ],
            [
              128.56211,
              35.97254
            ],
            [
              128.56417,
              35.97287
            ],
            [
              128.56605,
              35.9742
            ],
            [
              128.56633,
              35.9747
            ],
            [
              128.56716,
              35.97544
            ],
            [
              128.57196,
              35.97771
            ],
            [
              128.57916,
              35.97784
            ],
            [
              128.58144,
              35.97741
            ],
            [
              128.58318,
              35.97735
            ],
            [
              128.58568,
              35.97765
            ],
            [
              128.58985,
              35.97872
            ],
            [
              128.59092,
              35.97911
            ],
            [
              128.59317,
              35.98051
            ],
            [
              128.59368,
              35.98174
            ],
            [
              128.59358,
              35.98273
            ],
            [
              128.59473,
              35.98331
            ],
            [
              128.596565423373,
              35.983881840447864
            ],
            [
              128.6024823024055,
              35.97965549828179
            ],
            [
              128.60238,
              35.97613
            ],
            [
              128.60247,
              35.97552
            ],
            [
              128.60259,
              35.97493
            ],
            [
              128.60356,
              35.97386
            ],
            [
              128.60384,
              35.97277
            ],
            [
              128.60338,
              35.96547
            ],
            [
              128.60309,
              35.96412
            ],
            [
              128.60157,
              35.96156
            ],
            [
              128.6012,
              35.96124
            ],
            [
              128.60086,
              35.9612
            ],
            [
              128.59968,
              35.96032
            ],
            [
              128.59958,
              35.9575
            ],
            [
              128.60255,
              35.95519
            ],
            [
              128.60383,
              35.95449
            ],
            [
              128.60596,
              35.95283
            ],
            [
              128.60627,
              35.95206
            ],
            [
              128.60664,
              35.94978
            ],
            [
              128.60658,
              35.94797
            ],
            [
              128.60509,
              35.94636
            ],
            [
              128.60436,
              35.94577
            ],
            [
              128.60177,
              35.9452
            ],
            [
              128.6007,
              35.94524
            ],
            [
              128.59995,
              35.94569
            ],
            [
              128.59823,
              35.94527
            ],
            [
              128.59432,
              35.94218
            ],
            [
              128.59232,
              35.94012
            ],
            [
              128.5891,
              35.93852
            ],
            [
              128.58624,
              35.93758
            ],
            [
              128.58515,
              35.93765
            ],
            [
              128.58294,
              35.93603
            ],
            [
              128.58185,
              35.93479
            ],
            [
              128.58161,
              35.93399
            ],
            [
              128.58201,
              35.93337
            ],
            [
              128.58209,
              35.93194
            ],
            [
              128.58149,
              35.93002
            ],
            [
              128.57966,
              35.92984
            ],
            [
              128.57763,
              35.92997
            ],
            [
              128.57689,
              35.92932
            ],
            [
              128.57478,
              35.92686
            ],
            [
              128.5744,
              35.92569
            ],
            [
              128.57283,
              35.92495
            ],
            [
              128.57169,
              35.92511
            ],
            [
              128.57019,
              35.9257
            ],
            [
              128.57088,
              35.92505
            ],
            [
              128.57045,
              35.92387
            ],
            [
              128.56966,
              35.92349
            ]
          ]
        ]
      }
    },
    {
      "type": "Feature",
      "properties": {
        "zone_id": 4,
        "zone_code": "Z04",
        "name": "4구간 (검단·유통단지·산격·서변·동변·연경)",
        "urban_only": true
      },
      "geometry": {
        "type": "Polygon",
        "coordinates": [
          [
            [
              128.61742,
              35.88925
            ],
            [
              128.61703,
              35.88879
            ],
            [
              128.61579,
              35.88659
            ],
            [
              128.61439,
              35.88506
            ],
            [
              128.6129,
              35.88619
            ],
            [
              128.60722,
              35.88657
            ],
            [
              128.60387,
              35.88843
            ],
            [
              128.60204,
              35.88787
            ],
            [
              128.59933,
              35.89052
            ],
            [
              128.59909,
              35.88986
            ],
            [
              128.5982,
              35.89017
            ],
            [
              128.59439,
              35.89198
            ],
            [
              128.59338,
              35.89314
            ],
            [
              128.59291,
              35.89404
            ],
            [
              128.59248,
              35.89526
            ],
            [
              128.59234,
              35.89693
            ],
            [
              128.59297,
              35.89971
            ],
            [
              128.59306,
              35.90103
            ],
            [
              128.59358,
              35.90114
            ],
            [
              128.59317,
              35.90575
            ],
            [
              128.58002,
              35.90611
            ],
            [
              128.57903,
              35.9038
            ],
            [
              128.57281,
              35.90368
            ],
            [
              128.57298,
              35.90563
            ],
            [
              128.57195,
              35.90564
            ],
            [
              128.56969,
              35.90514
            ],
            [
              128.56832,
              35.91026
            ],
            [
              128.56852,
              35.91266
            ],
            [
              128.56995,
              35.91958
            ],
            [
              128.56943,
              35.92033
            ],
            [
              128.56916,
              35.92216
            ],
            [
              128.56966,
              35.92349
            ],
            [
              128.57045,
              35.92387
            ],
            [
              128.57088,
              35.92505
            ],
            [
              128.57019,
              35.9257
            ],
            [
              128.57169,
              35.92511
            ],
            [
              128.57283,
              35.92495
            ],
            [
              128.5744,
              35.92569
            ],
            [
              128.57478,
              35.92686
            ],
            [
              128.57689,
              35.92932
            ],
            [
              128.57763,
              35.92997
            ],
            [
              128.57966,
              35.92984
            ],
            [
              128.58149,
              35.93002
            ],
            [
              128.58209,
              35.93194
            ],
            [
              128.58201,
              35.93337
            ],
            [
              128.58161,
              35.93399
            ],
            [
              128.58185,
              35.93479
            ],
            [
              128.58294,
              35.93603
            ],
            [
              128.58515,
              35.93765
            ],
            [
              128.58624,
              35.93758
            ],
            [
              128.5891,
              35.93852
            ],
            [
              128.59232,
              35.94012
            ],
            [
              128.59432,
              35.94218
            ],
            [
              128.59823,
              35.94527
            ],
            [
              128.59995,
              35.94569
            ],
            [
              128.6007,
              35.94524
            ],
            [
              128.60177,
              35.9452
            ],
            [
              128.60436,
              35.94577
            ],
            [
              128.60509,
              35.94636
            ],
            [
              128.60658,
              35.94797
            ],
            [
              128.60664,
              35.94978
            ],
            [
              128.60627,
              35.95206
            ],
            [
              128.60596,
              35.95283
            ],
            [
              128.60383,
              35.95449
            ],
            [
              128.60255,
              35.95519
            ],
            [
              128.59958,
              35.9575
            ],
            [
              128.59968,
              35.96032
            ],
            [
              128.60086,
              35.9612
            ],
            [
              128.6012,
              35.96124
            ],
            [
              128.60157,
              35.96156
            ],
            [
              128.60309,
              35.96412
            ],
            [
              128.60338,
              35.96547
            ],
            [
              128.60384,
              35.97277
            ],
            [
              128.60356,
              35.97386
            ],
            [
              128.60259,
              35.97493
            ],
            [
              128.60247,
              35.97552
            ],
            [
              128.60238,
              35.97613
            ],
            [
              128.6024823024055,
              35.97965549828179
            ],
            [
              128.62201501018328,
              35.9657035641548
            ],
            [
              128.62624,
              35.95844
            ],
            [
              128.62586,
              35.95642
            ],
            [
              128.62521,
              35.956
            ],
            [
              128.62418,
              35.95475
            ],
            [
              128.62354,
              35.95252
            ],
            [
              128.62316,
              35.94966
            ],
            [
              128.6231,
              35.94867
            ],
            [
              128.6234,
              35.94731
            ],
            [
              128.62618,
              35.94627
            ],
            [
              128.62702,
              35.9457
            ],
            [
              128.62647,
              35.93907
            ],
            [
              128.62504,
              35.93801
            ],
            [
              128.62481,
              35.93661
            ],
            [
              128.62825,
              35.93034
            ],
            [
              128.62927,
              35.92936
            ],
            [
              128.63054,
              35.92862
            ],
            [
              128.63167,
              35.92717
            ],
            [
              128.63198,
              35.92649
            ],
            [
              128.63219,
              35.91996
            ],
            [
              128.63288,
              35.91566
            ],
            [
              128.63268,
              35.91477
            ],
            [
              128.63114,
              35.91062
            ],
            [
              128.62832,
              35.90753
            ],
            [
              128.62742,
              35.90555
            ],
            [
              128.62724,
              35.90414
            ],
            [
              128.6283,
              35.90034
            ],
            [
              128.62893,
              35.89874
            ],
            [
              128.62977,
              35.89689
            ],
            [
              128.63192,
              35.89344
            ],
            [
              128.63119,
              35.89303
            ],
            [
              128.63054,
              35.89226
            ],
            [
              128.63026,
              35.89141
            ],
            [
              128.62806,
              35.88963
            ],
            [
              128.62574,
              35.89091
            ],
            [
              128.62224,
              35.89247
            ],
            [
              128.61742,
              35.88925
            ]
          ]
        ]
      }
    },
    {
      "type": "Feature",
      "properties": {
        "zone_id": 5,
        "zone_code": "Z05",
        "name": "5구간 (중구 원도심·침산·노원 3공단·칠성)",
        "urban_only": true
      },
      "geometry": {
        "type": "Polygon",
        "coordinates": [
          [
            [
              128.57458,
              35.86006
            ],
            [
              128.5738,
              35.86535
            ],
            [
              128.57505,
              35.86638
            ],
            [
              128.57854,
              35.86883
            ],
            [
              128.57972,
              35.87031
            ],
            [
              128.57938,
              35.87047
            ],
            [
              128.57954,
              35.87277
            ],
            [
              128.57891,
              35.87238
            ],
            [
              128.57793,
              35.87204
            ],
            [
              128.57681,
              35.87196
            ],
            [
              128.57563,
              35.87309
            ],
            [
              128.5756,
              35.87405
            ],
            [
              128.57665,
              35.87606
            ],
            [
              128.57686,
              35.87623
            ],
            [
              128.57847,
              35.87536
            ],
            [
              128.57931,
              35.87533
            ],
            [
              128.57839,
              35.87624
            ],
            [
              128.57794,
              35.8795
            ],
            [
              128.58017,
              35.87908
            ],
            [
              128.58208,
              35.88513
            ],
            [
              128.57615,
              35.88761
            ],
            [
              128.55509,
              35.89077
            ],
            [
              128.55431,
              35.89127
            ],
            [
              128.5519,
              35.89405
            ],
            [
              128.55375,
              35.89578
            ],
            [
              128.55849,
              35.89691
            ],
            [
              128.56094,
              35.89696
            ],
            [
              128.56249,
              35.89795
            ],
            [
              128.56564,
              35.90061
            ],
            [
              128.56671,
              35.90136
            ],
            [
              128.56781,
              35.90204
            ],
            [
              128.56986,
              35.90302
            ],
            [
              128.57281,
              35.90368
            ],
            [
              128.57903,
              35.9038
            ],
            [
              128.58002,
              35.90611
            ],
            [
              128.59317,
              35.90575
            ],
            [
              128.59358,
              35.90114
            ],
            [
              128.59306,
              35.90103
            ],
            [
              128.59297,
              35.89971
            ],
            [
              128.59237,
              35.89727
            ],
            [
              128.5924,
              35.89583
            ],
            [
              128.59257,
              35.89493
            ],
            [
              128.59291,
              35.89404
            ],
            [
              128.59338,
              35.89314
            ],
            [
              128.5942,
              35.89214
            ],
            [
              128.59685,
              35.89079
            ],
            [
              128.59909,
              35.88986
            ],
            [
              128.59933,
              35.89052
            ],
            [
              128.60204,
              35.88787
            ],
            [
              128.60387,
              35.88843
            ],
            [
              128.60722,
              35.88657
            ],
            [
              128.6129,
              35.88619
            ],
            [
              128.61439,
              35.88506
            ],
            [
              128.61209,
              35.88179
            ],
            [
              128.61161,
              35.88049
            ],
            [
              128.6099,
              35.87893
            ],
            [
              128.60718,
              35.87749
            ],
            [
              128.60677,
              35.8766
            ],
            [
              128.61032,
              35.8749
            ],
            [
              128.61201,
              35.87378
            ],
            [
              128.61474,
              35.86818
            ],
            [
              128.61317,
              35.86548
            ],
            [
              128.60899,
              35.86131
            ],
            [
              128.60839,
              35.85975
            ],
            [
              128.60815,
              35.85758
            ],
            [
              128.60847,
              35.85495
            ],
            [
              128.59854,
              35.8555
            ],
            [
              128.5969,
              35.85629
            ],
            [
              128.59467,
              35.85658
            ],
            [
              128.58779,
              35.85675
            ],
            [
              128.58286,
              35.85633
            ],
            [
              128.57458,
              35.86006
            ]
          ]
        ]
      }
    },
    {
      "type": "Feature",
      "properties": {
        "zone_id": 6,
        "zone_code": "Z06",
        "name": "6구간 (동대구역세권·신천·신암·효목·공항·불로봉무)",
        "urban_only": true
      },
      "geometry": {
        "type": "Polygon",
        "coordinates": [
          [
            [
              128.61032,
              35.8749
            ],
            [
              128.60677,
              35.8766
            ],
            [
              128.60686,
              35.87694
            ],
            [
              128.60718,
              35.87749
            ],
            [
              128.60796,
              35.8779
            ],
            [
              128.60895,
              35.87842
            ],
            [
              128.6099,
              35.87893
            ],
            [
              128.61161,
              35.88049
            ],
            [
              128.61209,
              35.88179
            ],
            [
              128.61439,
              35.88506
            ],
            [
              128.61579,
              35.88659
            ],
            [
              128.61703,
              35.88879
            ],
            [
              128.61742,
              35.88925
            ],
            [
              128.61989,
              35.89089
            ],
            [
              128.62224,
              35.89247
            ],
            [
              128.62574,
              35.89091
            ],
            [
              128.62806,
              35.88963
            ],
            [
              128.62896,
              35.89036
            ],
            [
              128.62901,
              35.89039
            ],
            [
              128.6301,
              35.89128
            ],
            [
              128.63022,
              35.89138
            ],
            [
              128.63026,
              35.89141
            ],
            [
              128.63038,
              35.89196
            ],
            [
              128.63042,
              35.89207
            ],
            [
              128.63054,
              35.89226
            ],
            [
              128.6309,
              35.8927
            ],
            [
              128.63119,
              35.89303
            ],
            [
              128.63192,
              35.89344
            ],
            [
              128.63006,
              35.89639
            ],
            [
              128.62977,
              35.89689
            ],
            [
              128.62893,
              35.89874
            ],
            [
              128.6286,
              35.89953
            ],
            [
              128.6283,
              35.90034
            ],
            [
              128.62724,
              35.90414
            ],
            [
              128.62725,
              35.9048
            ],
            [
              128.62742,
              35.90555
            ],
            [
              128.62748,
              35.9057
            ],
            [
              128.62758,
              35.90592
            ],
            [
              128.62801,
              35.90687
            ],
            [
              128.6282,
              35.9073
            ],
            [
              128.62832,
              35.90753
            ],
            [
              128.62844,
              35.90767
            ],
            [
              128.62888,
              35.90816
            ],
            [
              128.62949,
              35.90874
            ],
            [
              128.62976,
              35.90899
            ],
            [
              128.63114,
              35.91062
            ],
            [
              128.63169,
              35.9121
            ],
            [
              128.63191,
              35.91269
            ],
            [
              128.63239,
              35.91398
            ],
            [
              128.63268,
              35.91477
            ],
            [
              128.63288,
              35.91566
            ],
            [
              128.63287,
              35.91579
            ],
            [
              128.63281,
              35.91656
            ],
            [
              128.63273,
              35.91705
            ],
            [
              128.63272,
              35.91708
            ],
            [
              128.63254,
              35.91782
            ],
            [
              128.63249,
              35.91792
            ],
            [
              128.63231,
              35.91884
            ],
            [
              128.63219,
              35.91996
            ],
            [
              128.63216,
              35.92047
            ],
            [
              128.63207,
              35.92462
            ],
            [
              128.63206,
              35.92522
            ],
            [
              128.63206,
              35.92565
            ],
            [
              128.63205,
              35.92596
            ],
            [
              128.63205,
              35.92604
            ],
            [
              128.63204,
              35.92608
            ],
            [
              128.63198,
              35.92645
            ],
            [
              128.63198,
              35.92649
            ],
            [
              128.63192,
              35.92662
            ],
            [
              128.63174,
              35.92702
            ],
            [
              128.63167,
              35.92717
            ],
            [
              128.63099,
              35.92808
            ],
            [
              128.63082,
              35.9283
            ],
            [
              128.63064,
              35.92851
            ],
            [
              128.63054,
              35.92862
            ],
            [
              128.62927,
              35.92936
            ],
            [
              128.62862,
              35.92994
            ],
            [
              128.62825,
              35.93034
            ],
            [
              128.62585,
              35.93487
            ],
            [
              128.6252,
              35.93584
            ],
            [
              128.6272,
              35.93559
            ],
            [
              128.62764,
              35.93554
            ],
            [
              128.62784,
              35.93555
            ],
            [
              128.62807,
              35.93557
            ],
            [
              128.62836,
              35.93559
            ],
            [
              128.62852,
              35.93564
            ],
            [
              128.62909,
              35.93585
            ],
            [
              128.6296,
              35.93606
            ],
            [
              128.63,
              35.93623
            ],
            [
              128.63172,
              35.93626
            ],
            [
              128.6338,
              35.93534
            ],
            [
              128.63456,
              35.93498
            ],
            [
              128.63477,
              35.93484
            ],
            [
              128.63546,
              35.93447
            ],
            [
              128.63739,
              35.93386
            ],
            [
              128.63826,
              35.93371
            ],
            [
              128.64061,
              35.93443
            ],
            [
              128.64099,
              35.9346
            ],
            [
              128.64173,
              35.93537
            ],
            [
              128.64175,
              35.93543
            ],
            [
              128.64188,
              35.93635
            ],
            [
              128.64195,
              35.93671
            ],
            [
              128.64198,
              35.93681
            ],
            [
              128.64284,
              35.93837
            ],
            [
              128.64483,
              35.93799
            ],
            [
              128.64524,
              35.93784
            ],
            [
              128.64926,
              35.93878
            ],
            [
              128.65113,
              35.93774
            ],
            [
              128.65426,
              35.93789
            ],
            [
              128.65447,
              35.93781
            ],
            [
              128.65848,
              35.93568
            ],
            [
              128.65914,
              35.93528
            ],
            [
              128.66094,
              35.93409
            ],
            [
              128.66047,
              35.9336
            ],
            [
              128.66039,
              35.93333
            ],
            [
              128.66016,
              35.93157
            ],
            [
              128.66038,
              35.93059
            ],
            [
              128.66055,
              35.92965
            ],
            [
              128.66009,
              35.92917
            ],
            [
              128.6597,
              35.92903
            ],
            [
              128.65702,
              35.92787
            ],
            [
              128.65618,
              35.92678
            ],
            [
              128.65564,
              35.92398
            ],
            [
              128.65568,
              35.92306
            ],
            [
              128.65587,
              35.92254
            ],
            [
              128.65598,
              35.92195
            ],
            [
              128.65601,
              35.92117
            ],
            [
              128.656,
              35.92099
            ],
            [
              128.65599,
              35.92089
            ],
            [
              128.6557,
              35.92008
            ],
            [
              128.65423,
              35.9188
            ],
            [
              128.65177,
              35.91754
            ],
            [
              128.65183,
              35.91622
            ],
            [
              128.65138,
              35.91542
            ],
            [
              128.65067,
              35.91457
            ],
            [
              128.65027,
              35.9141
            ],
            [
              128.65022,
              35.91407
            ],
            [
              128.65014,
              35.91402
            ],
            [
              128.64989,
              35.91392
            ],
            [
              128.6497,
              35.91389
            ],
            [
              128.64922,
              35.91385
            ],
            [
              128.64854,
              35.91375
            ],
            [
              128.64843,
              35.91372
            ],
            [
              128.64839,
              35.91372
            ],
            [
              128.6478,
              35.91339
            ],
            [
              128.64576,
              35.91101
            ],
            [
              128.64262,
              35.90901
            ],
            [
              128.64353,
              35.90895
            ],
            [
              128.64605,
              35.909
            ],
            [
              128.64802,
              35.9088
            ],
            [
              128.65109,
              35.9091
            ],
            [
              128.65126,
              35.90888
            ],
            [
              128.65269,
              35.90759
            ],
            [
              128.65002,
              35.90556
            ],
            [
              128.64765,
              35.9018
            ],
            [
              128.64641,
              35.89814
            ],
            [
              128.64559,
              35.89543
            ],
            [
              128.64365,
              35.89231
            ],
            [
              128.64333,
              35.89179
            ],
            [
              128.64224,
              35.88956
            ],
            [
              128.64203,
              35.88919
            ],
            [
              128.64196,
              35.88909
            ],
            [
              128.64429,
              35.88771
            ],
            [
              128.65424,
              35.88187
            ],
            [
              128.66022,
              35.87684
            ],
            [
              128.65605,
              35.8761
            ],
            [
              128.65417,
              35.8769
            ],
            [
              128.65247,
              35.87807
            ],
            [
              128.65093,
              35.87849
            ],
            [
              128.64972,
              35.87842
            ],
            [
              128.64952,
              35.87841
            ],
            [
              128.64529,
              35.87684
            ],
            [
              128.64491,
              35.87662
            ],
            [
              128.64442,
              35.87632
            ],
            [
              128.6395,
              35.87342
            ],
            [
              128.63944,
              35.87338
            ],
            [
              128.63937,
              35.87334
            ],
            [
              128.63923,
              35.87326
            ],
            [
              128.63896,
              35.87318
            ],
            [
              128.63884,
              35.87315
            ],
            [
              128.63879,
              35.87313
            ],
            [
              128.63841,
              35.87303
            ],
            [
              128.6382,
              35.87297
            ],
            [
              128.6379,
              35.87288
            ],
            [
              128.63768,
              35.87282
            ],
            [
              128.63722,
              35.87269
            ],
            [
              128.63587,
              35.87231
            ],
            [
              128.63521,
              35.87213
            ],
            [
              128.63485,
              35.87203
            ],
            [
              128.63455,
              35.87188
            ],
            [
              128.63439,
              35.87181
            ],
            [
              128.63391,
              35.87134
            ],
            [
              128.63218,
              35.86944
            ],
            [
              128.63193,
              35.86915
            ],
            [
              128.6307,
              35.86779
            ],
            [
              128.63042,
              35.86748
            ],
            [
              128.62985,
              35.86682
            ],
            [
              128.6271,
              35.86713
            ],
            [
              128.61927,
              35.86774
            ],
            [
              128.61859,
              35.86781
            ],
            [
              128.61474,
              35.86818
            ],
            [
              128.61201,
              35.87378
            ],
            [
              128.61032,
              35.8749
            ]
          ]
        ]
      }
    },
    {
      "type": "Feature",
      "properties": {
        "zone_id": 7,
        "zone_code": "Z07",
        "name": "7구간 (신서혁신·안심·율하·동촌·방촌)",
        "urban_only": true
      },
      "geometry": {
        "type": "Polygon",
        "coordinates": [
          [
            [
              128.76067,
              35.87394
            ],
            [
              128.75858,
              35.87055
            ],
            [
              128.76004,
              35.86546
            ],
            [
              128.75394,
              35.86402
            ],
            [
              128.754,
              35.86341
            ],
            [
              128.7531,
              35.86083
            ],
            [
              128.75162,
              35.85755
            ],
            [
              128.74765,
              35.85683
            ],
            [
              128.74639,
              35.85647
            ],
            [
              128.74207,
              35.85365
            ],
            [
              128.74114,
              35.8528
            ],
            [
              128.74073,
              35.85173
            ],
            [
              128.73829,
              35.85076
            ],
            [
              128.73685,
              35.85072
            ],
            [
              128.73577,
              35.85091
            ],
            [
              128.7337,
              35.85219
            ],
            [
              128.73342,
              35.85276
            ],
            [
              128.72613,
              35.85712
            ],
            [
              128.72401,
              35.86013
            ],
            [
              128.71978,
              35.86181
            ],
            [
              128.71726,
              35.86234
            ],
            [
              128.71427,
              35.86236
            ],
            [
              128.70612,
              35.85826
            ],
            [
              128.70403,
              35.85768
            ],
            [
              128.69188,
              35.85816
            ],
            [
              128.6892,
              35.85856
            ],
            [
              128.68569,
              35.85936
            ],
            [
              128.68224,
              35.86047
            ],
            [
              128.68105,
              35.86132
            ],
            [
              128.68029,
              35.86224
            ],
            [
              128.68013,
              35.86679
            ],
            [
              128.68001,
              35.8672
            ],
            [
              128.67749,
              35.87155
            ],
            [
              128.67606,
              35.87334
            ],
            [
              128.67333,
              35.8739
            ],
            [
              128.66845,
              35.87363
            ],
            [
              128.66633,
              35.87318
            ],
            [
              128.66342,
              35.87282
            ],
            [
              128.66269,
              35.87323
            ],
            [
              128.66022,
              35.87684
            ],
            [
              128.65424,
              35.88187
            ],
            [
              128.64196,
              35.88909
            ],
            [
              128.64333,
              35.89179
            ],
            [
              128.64559,
              35.89543
            ],
            [
              128.64765,
              35.9018
            ],
            [
              128.65002,
              35.90556
            ],
            [
              128.65269,
              35.90759
            ],
            [
              128.65109,
              35.9091
            ],
            [
              128.64802,
              35.9088
            ],
            [
              128.64605,
              35.909
            ],
            [
              128.64262,
              35.90901
            ],
            [
              128.64576,
              35.91101
            ],
            [
              128.6478,
              35.91339
            ],
            [
              128.64839,
              35.91372
            ],
            [
              128.64989,
              35.91392
            ],
            [
              128.65027,
              35.9141
            ],
            [
              128.65138,
              35.91542
            ],
            [
              128.65183,
              35.91622
            ],
            [
              128.65177,
              35.91754
            ],
            [
              128.65423,
              35.9188
            ],
            [
              128.6557,
              35.92008
            ],
            [
              128.65601,
              35.92117
            ],
            [
              128.65598,
              35.92195
            ],
            [
              128.65568,
              35.92306
            ],
            [
              128.65564,
              35.92398
            ],
            [
              128.65618,
              35.92678
            ],
            [
              128.65702,
              35.92787
            ],
            [
              128.66009,
              35.92917
            ],
            [
              128.66055,
              35.92965
            ],
            [
              128.66016,
              35.93157
            ],
            [
              128.66047,
              35.9336
            ],
            [
              128.66094,
              35.93409
            ],
            [
              128.6615,
              35.93364
            ],
            [
              128.66324,
              35.93313
            ],
            [
              128.66644,
              35.94117
            ],
            [
              128.66827,
              35.94354
            ],
            [
              128.66923,
              35.94454
            ],
            [
              128.67262,
              35.9454
            ],
            [
              128.679,
              35.94594
            ],
            [
              128.68208,
              35.94737
            ],
            [
              128.68387,
              35.94726
            ],
            [
              128.68578,
              35.94654
            ],
            [
              128.6861,
              35.94574
            ],
            [
              128.68689,
              35.94539
            ],
            [
              128.69066,
              35.9453
            ],
            [
              128.69226,
              35.94622
            ],
            [
              128.69505,
              35.94637
            ],
            [
              128.69535,
              35.9463
            ],
            [
              128.69688,
              35.9451
            ],
            [
              128.6972,
              35.94447
            ],
            [
              128.69825,
              35.94354
            ],
            [
              128.69941,
              35.94285
            ],
            [
              128.70066,
              35.94255
            ],
            [
              128.70275,
              35.94301
            ],
            [
              128.70575,
              35.94388
            ],
            [
              128.7087,
              35.94324
            ],
            [
              128.71258,
              35.94261
            ],
            [
              128.71684,
              35.94229
            ],
            [
              128.71922,
              35.94108
            ],
            [
              128.723,
              35.94014
            ],
            [
              128.72661,
              35.94052
            ],
            [
              128.73546692595792,
              35.93897165082109
            ],
            [
              128.725,
              35.93
            ],
            [
              128.715,
              35.905
            ],
            [
              128.73,
              35.89
            ],
            [
              128.75,
              35.9
            ],
            [
              128.76004686562186,
              35.90803749249749
            ],
            [
              128.76045,
              35.90698
            ],
            [
              128.7584,
              35.90609
            ],
            [
              128.75725,
              35.90482
            ],
            [
              128.75698,
              35.90335
            ],
            [
              128.7571,
              35.8998
            ],
            [
              128.75765,
              35.89577
            ],
            [
              128.75822,
              35.89514
            ],
            [
              128.75982,
              35.89192
            ],
            [
              128.76178,
              35.88601
            ],
            [
              128.76194,
              35.88322
            ],
            [
              128.75822,
              35.8782
            ],
            [
              128.7587,
              35.87616
            ],
            [
              128.76067,
              35.87394
            ]
          ]
        ]
      }
    },
    {
      "type": "Feature",
      "properties": {
        "zone_id": 8,
        "zone_code": "Z08",
        "name": "8구간 (수성도심·범어·만촌·시지·알파시티)",
        "urban_only": true
      },
      "geometry": {
        "type": "Polygon",
        "coordinates": [
          [
            [
              128.62985,
              35.86682
            ],
            [
              128.63439,
              35.87181
            ],
            [
              128.63923,
              35.87326
            ],
            [
              128.64529,
              35.87684
            ],
            [
              128.64952,
              35.87841
            ],
            [
              128.65093,
              35.87849
            ],
            [
              128.65247,
              35.87807
            ],
            [
              128.65417,
              35.8769
            ],
            [
              128.65605,
              35.8761
            ],
            [
              128.66022,
              35.87684
            ],
            [
              128.66269,
              35.87323
            ],
            [
              128.66342,
              35.87282
            ],
            [
              128.66633,
              35.87318
            ],
            [
              128.66845,
              35.87363
            ],
            [
              128.67333,
              35.8739
            ],
            [
              128.67606,
              35.87334
            ],
            [
              128.67749,
              35.87155
            ],
            [
              128.68001,
              35.8672
            ],
            [
              128.68013,
              35.86679
            ],
            [
              128.68029,
              35.86224
            ],
            [
              128.68066,
              35.86173
            ],
            [
              128.68224,
              35.86047
            ],
            [
              128.68636,
              35.85917
            ],
            [
              128.6892,
              35.85856
            ],
            [
              128.69188,
              35.85816
            ],
            [
              128.70403,
              35.85768
            ],
            [
              128.70612,
              35.85826
            ],
            [
              128.71427,
              35.86236
            ],
            [
              128.71726,
              35.86234
            ],
            [
              128.71978,
              35.86181
            ],
            [
              128.72401,
              35.86013
            ],
            [
              128.72613,
              35.85712
            ],
            [
              128.72496,
              35.85782
            ],
            [
              128.72151,
              35.85628
            ],
            [
              128.72241,
              35.85541
            ],
            [
              128.72529,
              35.85352
            ],
            [
              128.72612,
              35.84598
            ],
            [
              128.72618,
              35.84423
            ],
            [
              128.72539,
              35.84339
            ],
            [
              128.72405,
              35.84004
            ],
            [
              128.72415,
              35.83859
            ],
            [
              128.72518,
              35.83657
            ],
            [
              128.72511,
              35.83613
            ],
            [
              128.72465,
              35.83574
            ],
            [
              128.7233,
              35.83529
            ],
            [
              128.72051,
              35.83582
            ],
            [
              128.71888,
              35.83565
            ],
            [
              128.71819,
              35.83533
            ],
            [
              128.71661,
              35.83417
            ],
            [
              128.71181,
              35.83
            ],
            [
              128.70974,
              35.82797
            ],
            [
              128.70883,
              35.82668
            ],
            [
              128.7086,
              35.82586
            ],
            [
              128.70849,
              35.82427
            ],
            [
              128.70883,
              35.82234
            ],
            [
              128.71008,
              35.82023
            ],
            [
              128.71172,
              35.81916
            ],
            [
              128.71331,
              35.81771
            ],
            [
              128.71354,
              35.81718
            ],
            [
              128.7139520213454,
              35.81519360284606
            ],
            [
              128.69,
              35.812
            ],
            [
              128.6731252126654,
              35.814249971644614
            ],
            [
              128.67335,
              35.81494
            ],
            [
              128.67304,
              35.81567
            ],
            [
              128.67143,
              35.817
            ],
            [
              128.66895,
              35.81806
            ],
            [
              128.66415,
              35.81906
            ],
            [
              128.66244,
              35.81929
            ],
            [
              128.65815,
              35.81971
            ],
            [
              128.65719,
              35.81955
            ],
            [
              128.65604,
              35.82051
            ],
            [
              128.65564,
              35.82129
            ],
            [
              128.65566,
              35.82352
            ],
            [
              128.65529,
              35.82521
            ],
            [
              128.65419,
              35.8259
            ],
            [
              128.65276,
              35.82742
            ],
            [
              128.6528,
              35.82803
            ],
            [
              128.65335,
              35.82886
            ],
            [
              128.65347,
              35.83098
            ],
            [
              128.6525,
              35.83276
            ],
            [
              128.65141,
              35.83256
            ],
            [
              128.65002,
              35.83412
            ],
            [
              128.64913,
              35.83633
            ],
            [
              128.64783,
              35.83699
            ],
            [
              128.64762,
              35.83642
            ],
            [
              128.6472,
              35.83694
            ],
            [
              128.64617,
              35.84062
            ],
            [
              128.64651,
              35.8415
            ],
            [
              128.64684,
              35.84509
            ],
            [
              128.646,
              35.84757
            ],
            [
              128.64584,
              35.84787
            ],
            [
              128.64525,
              35.84836
            ],
            [
              128.64336,
              35.84805
            ],
            [
              128.6422,
              35.84717
            ],
            [
              128.64135,
              35.84697
            ],
            [
              128.63936,
              35.84709
            ],
            [
              128.63768,
              35.84883
            ],
            [
              128.63567,
              35.85018
            ],
            [
              128.63457,
              35.85041
            ],
            [
              128.63306,
              35.85053
            ],
            [
              128.63294,
              35.8505
            ],
            [
              128.63223,
              35.8493
            ],
            [
              128.63214,
              35.84854
            ],
            [
              128.6323,
              35.84781
            ],
            [
              128.63223,
              35.84724
            ],
            [
              128.63073,
              35.84623
            ],
            [
              128.63052,
              35.84624
            ],
            [
              128.63008,
              35.8473
            ],
            [
              128.6261,
              35.84823
            ],
            [
              128.62615,
              35.84928
            ],
            [
              128.62519,
              35.85037
            ],
            [
              128.61329,
              35.85112
            ],
            [
              128.61306,
              35.84912
            ],
            [
              128.60877,
              35.84899
            ],
            [
              128.60734,
              35.84937
            ],
            [
              128.60852,
              35.85435
            ],
            [
              128.60815,
              35.85758
            ],
            [
              128.60839,
              35.85975
            ],
            [
              128.60899,
              35.86131
            ],
            [
              128.61317,
              35.86548
            ],
            [
              128.61474,
              35.86818
            ],
            [
              128.62985,
              35.86682
            ]
          ]
        ]
      }
    },
    {
      "type": "Feature",
      "properties": {
        "zone_id": 9,
        "zone_code": "Z09",
        "name": "9구간 (남구전역·대명·봉덕·지산·범물·두산)",
        "urban_only": true
      },
      "geometry": {
        "type": "Polygon",
        "coordinates": [
          [
            [
              128.56285,
              35.82616
            ],
            [
              128.56169,
              35.8272
            ],
            [
              128.56051,
              35.82933
            ],
            [
              128.55798,
              35.83299
            ],
            [
              128.55714,
              35.83365
            ],
            [
              128.55542,
              35.83446
            ],
            [
              128.55746,
              35.83759
            ],
            [
              128.56212,
              35.84353
            ],
            [
              128.56529,
              35.84601
            ],
            [
              128.57362,
              35.85116
            ],
            [
              128.57458,
              35.86006
            ],
            [
              128.58286,
              35.85633
            ],
            [
              128.58779,
              35.85675
            ],
            [
              128.59467,
              35.85658
            ],
            [
              128.5969,
              35.85629
            ],
            [
              128.59854,
              35.8555
            ],
            [
              128.60847,
              35.85495
            ],
            [
              128.60852,
              35.85435
            ],
            [
              128.60734,
              35.84937
            ],
            [
              128.60877,
              35.84899
            ],
            [
              128.61306,
              35.84912
            ],
            [
              128.61329,
              35.85112
            ],
            [
              128.62519,
              35.85037
            ],
            [
              128.62615,
              35.84928
            ],
            [
              128.6261,
              35.84823
            ],
            [
              128.63008,
              35.8473
            ],
            [
              128.63052,
              35.84624
            ],
            [
              128.63073,
              35.84623
            ],
            [
              128.63223,
              35.84724
            ],
            [
              128.6323,
              35.84781
            ],
            [
              128.63214,
              35.84854
            ],
            [
              128.63223,
              35.8493
            ],
            [
              128.63294,
              35.8505
            ],
            [
              128.63306,
              35.85053
            ],
            [
              128.63457,
              35.85041
            ],
            [
              128.63567,
              35.85018
            ],
            [
              128.63768,
              35.84883
            ],
            [
              128.63936,
              35.84709
            ],
            [
              128.64135,
              35.84697
            ],
            [
              128.6422,
              35.84717
            ],
            [
              128.64336,
              35.84805
            ],
            [
              128.64525,
              35.84836
            ],
            [
              128.64584,
              35.84787
            ],
            [
              128.646,
              35.84757
            ],
            [
              128.64684,
              35.84509
            ],
            [
              128.64651,
              35.8415
            ],
            [
              128.64617,
              35.84062
            ],
            [
              128.6472,
              35.83694
            ],
            [
              128.64762,
              35.83642
            ],
            [
              128.64783,
              35.83699
            ],
            [
              128.64913,
              35.83633
            ],
            [
              128.65002,
              35.83412
            ],
            [
              128.65141,
              35.83256
            ],
            [
              128.6525,
              35.83276
            ],
            [
              128.65347,
              35.83098
            ],
            [
              128.65335,
              35.82886
            ],
            [
              128.6528,
              35.82803
            ],
            [
              128.65276,
              35.82742
            ],
            [
              128.65419,
              35.8259
            ],
            [
              128.65529,
              35.82521
            ],
            [
              128.65566,
              35.82352
            ],
            [
              128.65564,
              35.82129
            ],
            [
              128.65604,
              35.82051
            ],
            [
              128.65719,
              35.81955
            ],
            [
              128.65815,
              35.81971
            ],
            [
              128.66244,
              35.81929
            ],
            [
              128.66415,
              35.81906
            ],
            [
              128.66895,
              35.81806
            ],
            [
              128.67143,
              35.817
            ],
            [
              128.67304,
              35.81567
            ],
            [
              128.67335,
              35.81494
            ],
            [
              128.6731252126654,
              35.814249971644614
            ],
            [
              128.66,
              35.816
            ],
            [
              128.635,
              35.812
            ],
            [
              128.63271855895195,
              35.80652454148471
            ],
            [
              128.63115,
              35.8063
            ],
            [
              128.62681,
              35.80709
            ],
            [
              128.62486,
              35.80773
            ],
            [
              128.62364,
              35.80683
            ],
            [
              128.62326,
              35.80634
            ],
            [
              128.62319,
              35.80598
            ],
            [
              128.62233,
              35.8052
            ],
            [
              128.61592,
              35.80421
            ],
            [
              128.61474773403413,
              35.80434410848869
            ],
            [
              128.615,
              35.805
            ],
            [
              128.605,
              35.82
            ],
            [
              128.575,
              35.828
            ],
            [
              128.5636531678082,
              35.82573063356165
            ],
            [
              128.56285,
              35.82616
            ]
          ]
        ]
      }
    },
    {
      "type": "Feature",
      "properties": {
        "zone_id": 10,
        "zone_code": "Z10",
        "name": "10구간 (월배·상인·도원·대곡·진천·두류)",
        "urban_only": true
      },
      "geometry": {
        "type": "Polygon",
        "coordinates": [
          [
            [
              128.52188226950352,
              35.794717659574474
            ],
            [
              128.51747,
              35.79787
            ],
            [
              128.51626,
              35.79915
            ],
            [
              128.5139,
              35.80401
            ],
            [
              128.51155,
              35.80521
            ],
            [
              128.50827,
              35.80581
            ],
            [
              128.50785,
              35.80613
            ],
            [
              128.50852,
              35.80782
            ],
            [
              128.51349,
              35.80991
            ],
            [
              128.51292,
              35.81097
            ],
            [
              128.51268,
              35.81114
            ],
            [
              128.50893,
              35.8122
            ],
            [
              128.50521,
              35.81437
            ],
            [
              128.50535,
              35.81454
            ],
            [
              128.50008,
              35.81653
            ],
            [
              128.499,
              35.81679
            ],
            [
              128.49602,
              35.81719
            ],
            [
              128.49496,
              35.81714
            ],
            [
              128.49339,
              35.81667
            ],
            [
              128.49236,
              35.81612
            ],
            [
              128.48853,
              35.81746
            ],
            [
              128.48043,
              35.81775
            ],
            [
              128.4808,
              35.81902
            ],
            [
              128.48101,
              35.82033
            ],
            [
              128.48095,
              35.8215
            ],
            [
              128.48074,
              35.82224
            ],
            [
              128.47918,
              35.82502
            ],
            [
              128.47719,
              35.82751
            ],
            [
              128.48458,
              35.83201
            ],
            [
              128.48541,
              35.8327
            ],
            [
              128.48235,
              35.83502
            ],
            [
              128.49223,
              35.83499
            ],
            [
              128.50737,
              35.83557
            ],
            [
              128.51258,
              35.83606
            ],
            [
              128.52761,
              35.8371
            ],
            [
              128.52795,
              35.83895
            ],
            [
              128.52753,
              35.84146
            ],
            [
              128.53085,
              35.84198
            ],
            [
              128.53603,
              35.84191
            ],
            [
              128.53607,
              35.84353
            ],
            [
              128.53462,
              35.84358
            ],
            [
              128.53263,
              35.84454
            ],
            [
              128.53069,
              35.84676
            ],
            [
              128.53067,
              35.84909
            ],
            [
              128.5334,
              35.84987
            ],
            [
              128.53399,
              35.85318
            ],
            [
              128.53407,
              35.85683
            ],
            [
              128.53327,
              35.85685
            ],
            [
              128.5333,
              35.8591
            ],
            [
              128.53989,
              35.85907
            ],
            [
              128.54023,
              35.8563
            ],
            [
              128.54361,
              35.8558
            ],
            [
              128.54508,
              35.85607
            ],
            [
              128.54807,
              35.85457
            ],
            [
              128.54913,
              35.85485
            ],
            [
              128.5535,
              35.85646
            ],
            [
              128.55355,
              35.85639
            ],
            [
              128.55847,
              35.85825
            ],
            [
              128.56771,
              35.86108
            ],
            [
              128.5742,
              35.86268
            ],
            [
              128.57458,
              35.86006
            ],
            [
              128.57362,
              35.85116
            ],
            [
              128.56529,
              35.84601
            ],
            [
              128.56212,
              35.84353
            ],
            [
              128.55746,
              35.83759
            ],
            [
              128.55542,
              35.83446
            ],
            [
              128.55714,
              35.83365
            ],
            [
              128.55798,
              35.83299
            ],
            [
              128.56051,
              35.82933
            ],
            [
              128.56169,
              35.8272
            ],
            [
              128.56285,
              35.82616
            ],
            [
              128.5636531678082,
              35.82573063356165
            ],
            [
              128.56,
              35.825
            ],
            [
              128.55,
              35.805
            ],
            [
              128.5685112883805,
              35.792412323901246
            ],
            [
              128.56863609355693,
              35.79196964695499
            ],
            [
              128.558,
              35.79
            ],
            [
              128.54,
              35.792
            ],
            [
              128.52188226950352,
              35.794717659574474
            ]
          ]
        ]
      }
    },
    {
      "type": "Feature",
      "properties": {
        "zone_id": 11,
        "zone_code": "Z11",
        "name": "11구간 (달성북부·다사·하빈·세천·서재)",
        "urban_only": true
      },
      "geometry": {
        "type": "Polygon",
        "coordinates": [
          [
            [
              128.50654,
              35.89212
            ],
            [
              128.50692,
              35.89235
            ],
            [
              128.50732,
              35.89253
            ],
            [
              128.50784,
              35.89268
            ],
            [
              128.50839,
              35.89279
            ],
            [
              128.51019,
              35.89301
            ],
            [
              128.51075,
              35.89304
            ],
            [
              128.51221,
              35.89309
            ],
            [
              128.5141,
              35.89278
            ],
            [
              128.51618,
              35.89226
            ],
            [
              128.52188,
              35.89066
            ],
            [
              128.52301,
              35.89032
            ],
            [
              128.52388,
              35.89005
            ],
            [
              128.52474,
              35.88975
            ],
            [
              128.52536,
              35.88952
            ],
            [
              128.52574,
              35.88915
            ],
            [
              128.52599,
              35.8889
            ],
            [
              128.52614,
              35.88777
            ],
            [
              128.52587,
              35.88755
            ],
            [
              128.5254,
              35.88717
            ],
            [
              128.52438,
              35.88683
            ],
            [
              128.522,
              35.88635
            ],
            [
              128.5215,
              35.88634
            ],
            [
              128.52137,
              35.88635
            ],
            [
              128.52126,
              35.88636
            ],
            [
              128.52111,
              35.88638
            ],
            [
              128.52095,
              35.88642
            ],
            [
              128.52091,
              35.8864
            ],
            [
              128.5207,
              35.88631
            ],
            [
              128.52031,
              35.88607
            ],
            [
              128.52,
              35.88586
            ],
            [
              128.5177,
              35.88415
            ],
            [
              128.51731,
              35.88376
            ],
            [
              128.5173,
              35.88372
            ],
            [
              128.51719,
              35.88298
            ],
            [
              128.5172,
              35.88292
            ],
            [
              128.51723,
              35.8828
            ],
            [
              128.51789,
              35.88159
            ],
            [
              128.51861,
              35.88075
            ],
            [
              128.51871,
              35.88069
            ],
            [
              128.51876,
              35.88065
            ],
            [
              128.51887,
              35.88052
            ],
            [
              128.519,
              35.88035
            ],
            [
              128.51905,
              35.88029
            ],
            [
              128.51908,
              35.88025
            ],
            [
              128.51955,
              35.87948
            ],
            [
              128.51981,
              35.87904
            ],
            [
              128.52035,
              35.87805
            ],
            [
              128.52044,
              35.87774
            ],
            [
              128.52046,
              35.87767
            ],
            [
              128.52055,
              35.87737
            ],
            [
              128.52083,
              35.87636
            ],
            [
              128.52093,
              35.87599
            ],
            [
              128.52123,
              35.87328
            ],
            [
              128.52123,
              35.87317
            ],
            [
              128.52121,
              35.87307
            ],
            [
              128.52064,
              35.87157
            ],
            [
              128.52057,
              35.87141
            ],
            [
              128.52049,
              35.87122
            ],
            [
              128.52034,
              35.8709
            ],
            [
              128.52032,
              35.87085
            ],
            [
              128.5203,
              35.87081
            ],
            [
              128.52008,
              35.87054
            ],
            [
              128.51995,
              35.87037
            ],
            [
              128.51988,
              35.8703
            ],
            [
              128.51979,
              35.87021
            ],
            [
              128.51915,
              35.86958
            ],
            [
              128.51561,
              35.86811
            ],
            [
              128.51282,
              35.86846
            ],
            [
              128.51203,
              35.86863
            ],
            [
              128.51065,
              35.86843
            ],
            [
              128.50893,
              35.86727
            ],
            [
              128.50877,
              35.86715
            ],
            [
              128.50762,
              35.86621
            ],
            [
              128.50684,
              35.8662
            ],
            [
              128.50416,
              35.86599
            ],
            [
              128.50401,
              35.86596
            ],
            [
              128.50383,
              35.86588
            ],
            [
              128.50289,
              35.86538
            ],
            [
              128.5026,
              35.86516
            ],
            [
              128.50255,
              35.86509
            ],
            [
              128.50249,
              35.86489
            ],
            [
              128.50247,
              35.86477
            ],
            [
              128.5024,
              35.8646
            ],
            [
              128.50228,
              35.8644
            ],
            [
              128.50218,
              35.86428
            ],
            [
              128.50211,
              35.86422
            ],
            [
              128.50199,
              35.8641
            ],
            [
              128.50185,
              35.86401
            ],
            [
              128.5017,
              35.86391
            ],
            [
              128.5016,
              35.86385
            ],
            [
              128.50146,
              35.86381
            ],
            [
              128.50134,
              35.8638
            ],
            [
              128.50118,
              35.86378
            ],
            [
              128.50107,
              35.8638
            ],
            [
              128.50089,
              35.86384
            ],
            [
              128.49889,
              35.86435
            ],
            [
              128.49742,
              35.8644
            ],
            [
              128.49473,
              35.86502
            ],
            [
              128.48939,
              35.86677
            ],
            [
              128.4891,
              35.86687
            ],
            [
              128.48885,
              35.86702
            ],
            [
              128.48788,
              35.86777
            ],
            [
              128.48779,
              35.86783
            ],
            [
              128.48745,
              35.86797
            ],
            [
              128.48708,
              35.86808
            ],
            [
              128.48681,
              35.86812
            ],
            [
              128.48654,
              35.86815
            ],
            [
              128.4862,
              35.86817
            ],
            [
              128.48587,
              35.86816
            ],
            [
              128.48234,
              35.86781
            ],
            [
              128.48229,
              35.86779
            ],
            [
              128.48213,
              35.86772
            ],
            [
              128.48196,
              35.86763
            ],
            [
              128.48114,
              35.86711
            ],
            [
              128.47981,
              35.86587
            ],
            [
              128.47962,
              35.86566
            ],
            [
              128.47955,
              35.86551
            ],
            [
              128.47912,
              35.86456
            ],
            [
              128.47851,
              35.86322
            ],
            [
              128.47842,
              35.86304
            ],
            [
              128.47815,
              35.86266
            ],
            [
              128.47735,
              35.86202
            ],
            [
              128.47722,
              35.86195
            ],
            [
              128.47706,
              35.8619
            ],
            [
              128.47665,
              35.86186
            ],
            [
              128.47625,
              35.86185
            ],
            [
              128.47569,
              35.86185
            ],
            [
              128.47536,
              35.86186
            ],
            [
              128.47519,
              35.86185
            ],
            [
              128.47502,
              35.86184
            ],
            [
              128.47464,
              35.86177
            ],
            [
              128.4741,
              35.86165
            ],
            [
              128.47401,
              35.8616
            ],
            [
              128.47385,
              35.86142
            ],
            [
              128.47304,
              35.85951
            ],
            [
              128.47194,
              35.85352
            ],
            [
              128.47108,
              35.84631
            ],
            [
              128.47078,
              35.84381
            ],
            [
              128.47071,
              35.8428
            ],
            [
              128.47067,
              35.84117
            ],
            [
              128.47069,
              35.84016
            ],
            [
              128.47071,
              35.83786
            ],
            [
              128.47068,
              35.83518
            ],
            [
              128.47064,
              35.833
            ],
            [
              128.46943,
              35.83387
            ],
            [
              128.46748,
              35.8353
            ],
            [
              128.46651,
              35.83609
            ],
            [
              128.46455,
              35.83778
            ],
            [
              128.46379,
              35.8384
            ],
            [
              128.46291,
              35.83911
            ],
            [
              128.46204,
              35.83979
            ],
            [
              128.46074,
              35.8408
            ],
            [
              128.46012,
              35.84126
            ],
            [
              128.45988,
              35.8414
            ],
            [
              128.45946,
              35.84159
            ],
            [
              128.45631,
              35.843
            ],
            [
              128.45605,
              35.84308
            ],
            [
              128.45355,
              35.84372
            ],
            [
              128.45306,
              35.84382
            ],
            [
              128.45216,
              35.84398
            ],
            [
              128.44779,
              35.84483
            ],
            [
              128.43464,
              35.84821
            ],
            [
              128.42279,
              35.85126
            ],
            [
              128.42132,
              35.85139
            ],
            [
              128.41899,
              35.85151
            ],
            [
              128.41767,
              35.85149
            ],
            [
              128.41653,
              35.85139
            ],
            [
              128.41518,
              35.85119
            ],
            [
              128.4143,
              35.85103
            ],
            [
              128.41307,
              35.85082
            ],
            [
              128.4129,
              35.85079
            ],
            [
              128.41193,
              35.85063
            ],
            [
              128.40949,
              35.8503
            ],
            [
              128.40834,
              35.85022
            ],
            [
              128.40669,
              35.85031
            ],
            [
              128.40466,
              35.8504
            ],
            [
              128.40337,
              35.85043
            ],
            [
              128.40204,
              35.85032
            ],
            [
              128.40034,
              35.85001
            ],
            [
              128.39882,
              35.84965
            ],
            [
              128.39865,
              35.8496
            ],
            [
              128.39819,
              35.84944
            ],
            [
              128.39779,
              35.84942
            ],
            [
              128.39697,
              35.84944
            ],
            [
              128.39527,
              35.84951
            ],
            [
              128.39373,
              35.84957
            ],
            [
              128.39311,
              35.84963
            ],
            [
              128.39265,
              35.84967
            ],
            [
              128.39218,
              35.84974
            ],
            [
              128.39172,
              35.84983
            ],
            [
              128.39111,
              35.85001
            ],
            [
              128.39056,
              35.8502
            ],
            [
              128.39009,
              35.85037
            ],
            [
              128.38876,
              35.8527
            ],
            [
              128.38834,
              35.85358
            ],
            [
              128.38795,
              35.85446
            ],
            [
              128.38737,
              35.85607
            ],
            [
              128.38702,
              35.85716
            ],
            [
              128.38662,
              35.85852
            ],
            [
              128.38632,
              35.85973
            ],
            [
              128.38607,
              35.86101
            ],
            [
              128.38591,
              35.86201
            ],
            [
              128.38556,
              35.86427
            ],
            [
              128.38547,
              35.86493
            ],
            [
              128.38546,
              35.86503
            ],
            [
              128.38546,
              35.86508
            ],
            [
              128.38546,
              35.86517
            ],
            [
              128.38548,
              35.86524
            ],
            [
              128.38716,
              35.87116
            ],
            [
              128.38727,
              35.87147
            ],
            [
              128.38748,
              35.87183
            ],
            [
              128.388,
              35.87263
            ],
            [
              128.38811,
              35.8728
            ],
            [
              128.38888,
              35.87394
            ],
            [
              128.39011,
              35.87575
            ],
            [
              128.39031,
              35.87605
            ],
            [
              128.39057,
              35.87647
            ],
            [
              128.39072,
              35.87673
            ],
            [
              128.39087,
              35.87702
            ],
            [
              128.39112,
              35.87749
            ],
            [
              128.39125,
              35.87774
            ],
            [
              128.39352,
              35.88257
            ],
            [
              128.39371,
              35.88304
            ],
            [
              128.39427,
              35.88315
            ],
            [
              128.39525,
              35.88337
            ],
            [
              128.39625,
              35.8836
            ],
            [
              128.39729,
              35.88392
            ],
            [
              128.39811,
              35.88423
            ],
            [
              128.39826,
              35.8843
            ],
            [
              128.39836,
              35.88438
            ],
            [
              128.39845,
              35.8845
            ],
            [
              128.39867,
              35.88503
            ],
            [
              128.39871,
              35.88511
            ],
            [
              128.39927,
              35.88593
            ],
            [
              128.39933,
              35.886
            ],
            [
              128.39968,
              35.88637
            ],
            [
              128.40013,
              35.88684
            ],
            [
              128.40107,
              35.88757
            ],
            [
              128.40163,
              35.88792
            ],
            [
              128.40174,
              35.88796
            ],
            [
              128.40184,
              35.88798
            ],
            [
              128.40209,
              35.88802
            ],
            [
              128.40227,
              35.88806
            ],
            [
              128.40237,
              35.88809
            ],
            [
              128.40242,
              35.88811
            ],
            [
              128.40252,
              35.88816
            ],
            [
              128.40262,
              35.88824
            ],
            [
              128.40298,
              35.88867
            ],
            [
              128.40334,
              35.8891
            ],
            [
              128.40664,
              35.89516
            ],
            [
              128.40665,
              35.89523
            ],
            [
              128.40663,
              35.89536
            ],
            [
              128.40652,
              35.89592
            ],
            [
              128.40657,
              35.89734
            ],
            [
              128.4066,
              35.89782
            ],
            [
              128.4068,
              35.89913
            ],
            [
              128.40751,
              35.90103
            ],
            [
              128.40808,
              35.90233
            ],
            [
              128.4082,
              35.90258
            ],
            [
              128.41048,
              35.90674
            ],
            [
              128.41129,
              35.90784
            ],
            [
              128.41177,
              35.9085
            ],
            [
              128.41185,
              35.9086
            ],
            [
              128.41201,
              35.90874
            ],
            [
              128.41206,
              35.90879
            ],
            [
              128.41212,
              35.90882
            ],
            [
              128.41227,
              35.90885
            ],
            [
              128.41244,
              35.9089
            ],
            [
              128.41259,
              35.90895
            ],
            [
              128.41274,
              35.90903
            ],
            [
              128.41292,
              35.90914
            ],
            [
              128.41296,
              35.90917
            ],
            [
              128.413,
              35.90922
            ],
            [
              128.41666,
              35.91433
            ],
            [
              128.41771,
              35.91617
            ],
            [
              128.41803,
              35.91785
            ],
            [
              128.41821,
              35.91952
            ],
            [
              128.4181,
              35.92125
            ],
            [
              128.41815,
              35.92127
            ],
            [
              128.41818,
              35.92129
            ],
            [
              128.4188,
              35.92145
            ],
            [
              128.42092,
              35.92196
            ],
            [
              128.42103,
              35.92194
            ],
            [
              128.42118,
              35.92192
            ],
            [
              128.42127,
              35.92192
            ],
            [
              128.42136,
              35.92193
            ],
            [
              128.42144,
              35.92195
            ],
            [
              128.42154,
              35.92198
            ],
            [
              128.42347,
              35.92275
            ],
            [
              128.42356,
              35.9228
            ],
            [
              128.42366,
              35.92288
            ],
            [
              128.42373,
              35.92297
            ],
            [
              128.42385,
              35.92318
            ],
            [
              128.42457,
              35.92459
            ],
            [
              128.42464,
              35.92473
            ],
            [
              128.42467,
              35.92484
            ],
            [
              128.42468,
              35.92487
            ],
            [
              128.42469,
              35.92501
            ],
            [
              128.42467,
              35.92523
            ],
            [
              128.42462,
              35.92539
            ],
            [
              128.42441,
              35.92599
            ],
            [
              128.42435,
              35.92625
            ],
            [
              128.42434,
              35.92632
            ],
            [
              128.42435,
              35.92645
            ],
            [
              128.4244,
              35.92659
            ],
            [
              128.42492,
              35.92791
            ],
            [
              128.42587,
              35.92749
            ],
            [
              128.42613,
              35.92738
            ],
            [
              128.42644,
              35.92728
            ],
            [
              128.42653,
              35.92725
            ],
            [
              128.42662,
              35.92725
            ],
            [
              128.42751,
              35.92734
            ],
            [
              128.4277,
              35.92762
            ],
            [
              128.42774,
              35.92769
            ],
            [
              128.42772,
              35.92777
            ],
            [
              128.42763,
              35.92786
            ],
            [
              128.42749,
              35.92797
            ],
            [
              128.42743,
              35.92807
            ],
            [
              128.42744,
              35.92815
            ],
            [
              128.42777,
              35.92885
            ],
            [
              128.43145,
              35.93097
            ],
            [
              128.43702,
              35.93161
            ],
            [
              128.44117,
              35.93482
            ],
            [
              128.44553,
              35.93545
            ],
            [
              128.44561,
              35.93544
            ],
            [
              128.44624,
              35.93529
            ],
            [
              128.44747,
              35.93513
            ],
            [
              128.44806,
              35.93505
            ],
            [
              128.44835,
              35.93502
            ],
            [
              128.44872,
              35.93499
            ],
            [
              128.44912,
              35.935
            ],
            [
              128.4492,
              35.93501
            ],
            [
              128.44933,
              35.93503
            ],
            [
              128.44973,
              35.9351
            ],
            [
              128.45019,
              35.9352
            ],
            [
              128.45044,
              35.93528
            ],
            [
              128.45215,
              35.93589
            ],
            [
              128.45228,
              35.93593
            ],
            [
              128.45249,
              35.93601
            ],
            [
              128.45266,
              35.93616
            ],
            [
              128.45276,
              35.93631
            ],
            [
              128.45339,
              35.93889
            ],
            [
              128.45339,
              35.93921
            ],
            [
              128.4533,
              35.93959
            ],
            [
              128.45325,
              35.9397
            ],
            [
              128.45323,
              35.93976
            ],
            [
              128.45322,
              35.93993
            ],
            [
              128.45323,
              35.94022
            ],
            [
              128.45333,
              35.94106
            ],
            [
              128.45355,
              35.94238
            ],
            [
              128.45376,
              35.9431
            ],
            [
              128.45377,
              35.94313
            ],
            [
              128.45382,
              35.94313
            ],
            [
              128.45434,
              35.94302
            ],
            [
              128.45484,
              35.94287
            ],
            [
              128.45509,
              35.94276
            ],
            [
              128.45527,
              35.94264
            ],
            [
              128.45626,
              35.94193
            ],
            [
              128.45748,
              35.94198
            ],
            [
              128.45752,
              35.94194
            ],
            [
              128.45778,
              35.94164
            ],
            [
              128.45799,
              35.9413
            ],
            [
              128.45817,
              35.94067
            ],
            [
              128.45826,
              35.94044
            ],
            [
              128.45833,
              35.94032
            ],
            [
              128.45848,
              35.94013
            ],
            [
              128.45871,
              35.93995
            ],
            [
              128.46047,
              35.93863
            ],
            [
              128.46072,
              35.93846
            ],
            [
              128.46109,
              35.93828
            ],
            [
              128.46181,
              35.93799
            ],
            [
              128.46255,
              35.9378
            ],
            [
              128.46283,
              35.93825
            ],
            [
              128.46306,
              35.93862
            ],
            [
              128.46367,
              35.93875
            ],
            [
              128.46445,
              35.93876
            ],
            [
              128.46875,
              35.93845
            ],
            [
              128.47568,
              35.936
            ],
            [
              128.47624,
              35.93439
            ],
            [
              128.47644,
              35.93288
            ],
            [
              128.47656,
              35.93192
            ],
            [
              128.47633,
              35.92938
            ],
            [
              128.47593,
              35.92799
            ],
            [
              128.47565,
              35.92706
            ],
            [
              128.4755,
              35.92657
            ],
            [
              128.47544,
              35.92646
            ],
            [
              128.47537,
              35.9264
            ],
            [
              128.47482,
              35.92593
            ],
            [
              128.47474,
              35.92587
            ],
            [
              128.47459,
              35.92579
            ],
            [
              128.47444,
              35.92571
            ],
            [
              128.47436,
              35.92564
            ],
            [
              128.47429,
              35.92555
            ],
            [
              128.47423,
              35.92546
            ],
            [
              128.47419,
              35.92538
            ],
            [
              128.47347,
              35.92379
            ],
            [
              128.47326,
              35.9231
            ],
            [
              128.47323,
              35.92298
            ],
            [
              128.47322,
              35.92285
            ],
            [
              128.47323,
              35.92275
            ],
            [
              128.47333,
              35.92168
            ],
            [
              128.47365,
              35.91944
            ],
            [
              128.47398,
              35.91714
            ],
            [
              128.474,
              35.91704
            ],
            [
              128.47398,
              35.91691
            ],
            [
              128.47394,
              35.91676
            ],
            [
              128.47356,
              35.91572
            ],
            [
              128.47348,
              35.91558
            ],
            [
              128.47312,
              35.91505
            ],
            [
              128.46912,
              35.91068
            ],
            [
              128.46907,
              35.91063
            ],
            [
              128.46899,
              35.91061
            ],
            [
              128.46834,
              35.91054
            ],
            [
              128.46827,
              35.91053
            ],
            [
              128.46686,
              35.90716
            ],
            [
              128.46717,
              35.90678
            ],
            [
              128.46724,
              35.90666
            ],
            [
              128.46729,
              35.90653
            ],
            [
              128.46732,
              35.90637
            ],
            [
              128.46745,
              35.90559
            ],
            [
              128.46779,
              35.90336
            ],
            [
              128.46812,
              35.90124
            ],
            [
              128.46814,
              35.90109
            ],
            [
              128.46814,
              35.90097
            ],
            [
              128.46813,
              35.90077
            ],
            [
              128.46795,
              35.89982
            ],
            [
              128.47032,
              35.8984
            ],
            [
              128.47069,
              35.89777
            ],
            [
              128.47082,
              35.8976
            ],
            [
              128.47091,
              35.89753
            ],
            [
              128.47157,
              35.89703
            ],
            [
              128.47435,
              35.89537
            ],
            [
              128.47462,
              35.89527
            ],
            [
              128.47491,
              35.89518
            ],
            [
              128.47512,
              35.89516
            ],
            [
              128.47528,
              35.89518
            ],
            [
              128.47539,
              35.89522
            ],
            [
              128.47671,
              35.89633
            ],
            [
              128.47771,
              35.8972
            ],
            [
              128.47821,
              35.89776
            ],
            [
              128.47829,
              35.89779
            ],
            [
              128.47837,
              35.89779
            ],
            [
              128.47854,
              35.89779
            ],
            [
              128.47861,
              35.89778
            ],
            [
              128.47898,
              35.89775
            ],
            [
              128.47902,
              35.89774
            ],
            [
              128.47962,
              35.89765
            ],
            [
              128.47998,
              35.89754
            ],
            [
              128.48013,
              35.89747
            ],
            [
              128.48019,
              35.89742
            ],
            [
              128.48036,
              35.89713
            ],
            [
              128.48084,
              35.89637
            ],
            [
              128.48102,
              35.89621
            ],
            [
              128.48132,
              35.89602
            ],
            [
              128.48193,
              35.89572
            ],
            [
              128.4842,
              35.89476
            ],
            [
              128.48424,
              35.89477
            ],
            [
              128.48438,
              35.89497
            ],
            [
              128.4844,
              35.89502
            ],
            [
              128.48443,
              35.8951
            ],
            [
              128.48445,
              35.8954
            ],
            [
              128.48444,
              35.89573
            ],
            [
              128.48444,
              35.89599
            ],
            [
              128.48447,
              35.89614
            ],
            [
              128.48453,
              35.89618
            ],
            [
              128.48787,
              35.89796
            ],
            [
              128.48803,
              35.89802
            ],
            [
              128.48857,
              35.89812
            ],
            [
              128.48886,
              35.89814
            ],
            [
              128.48904,
              35.89813
            ],
            [
              128.49041,
              35.89777
            ],
            [
              128.49052,
              35.89772
            ],
            [
              128.49264,
              35.89627
            ],
            [
              128.49275,
              35.89616
            ],
            [
              128.4928,
              35.89599
            ],
            [
              128.49286,
              35.89576
            ],
            [
              128.49287,
              35.89559
            ],
            [
              128.49281,
              35.89537
            ],
            [
              128.49276,
              35.89514
            ],
            [
              128.49275,
              35.89499
            ],
            [
              128.49278,
              35.89483
            ],
            [
              128.49306,
              35.89428
            ],
            [
              128.4946,
              35.8913
            ],
            [
              128.49662,
              35.88938
            ],
            [
              128.49822,
              35.88877
            ],
            [
              128.49975,
              35.88848
            ],
            [
              128.50003,
              35.88797
            ],
            [
              128.50084,
              35.88665
            ],
            [
              128.50118,
              35.88627
            ],
            [
              128.50134,
              35.88612
            ],
            [
              128.5014,
              35.88606
            ],
            [
              128.50148,
              35.88603
            ],
            [
              128.50151,
              35.88601
            ],
            [
              128.50171,
              35.88609
            ],
            [
              128.50199,
              35.88639
            ],
            [
              128.50342,
              35.88805
            ],
            [
              128.50435,
              35.88914
            ],
            [
              128.50455,
              35.88938
            ],
            [
              128.50415,
              35.89059
            ],
            [
              128.50654,
              35.89212
            ]
          ]
        ]
      }
    },
    {
      "type": "Feature",
      "properties": {
        "zone_id": 12,
        "zone_code": "Z12",
        "name": "12구간 (달성중부·화원·옥포·논공일반산단)",
        "urban_only": true
      },
      "geometry": {
        "type": "Polygon",
        "coordinates": [
          [
            [
              128.4917,
              35.72444
            ],
            [
              128.49162,
              35.72442
            ],
            [
              128.49149,
              35.72442
            ],
            [
              128.49101,
              35.72454
            ],
            [
              128.49077,
              35.72461
            ],
            [
              128.48765,
              35.72568
            ],
            [
              128.48679,
              35.72609
            ],
            [
              128.4838,
              35.72666
            ],
            [
              128.48239,
              35.72609
            ],
            [
              128.48228,
              35.72605
            ],
            [
              128.47725,
              35.72425
            ],
            [
              128.47385,
              35.72364
            ],
            [
              128.46848,
              35.72216
            ],
            [
              128.46839,
              35.72212
            ],
            [
              128.46826,
              35.72206
            ],
            [
              128.46819,
              35.722
            ],
            [
              128.46813,
              35.72195
            ],
            [
              128.46695,
              35.72089
            ],
            [
              128.46536,
              35.71944
            ],
            [
              128.46384,
              35.71853
            ],
            [
              128.46219,
              35.71759
            ],
            [
              128.46126,
              35.71738
            ],
            [
              128.46115,
              35.71742
            ],
            [
              128.46103,
              35.71746
            ],
            [
              128.46096,
              35.71746
            ],
            [
              128.46082,
              35.71742
            ],
            [
              128.46052,
              35.71731
            ],
            [
              128.45802,
              35.71622
            ],
            [
              128.45765,
              35.71601
            ],
            [
              128.45754,
              35.71593
            ],
            [
              128.4571,
              35.7156
            ],
            [
              128.45318,
              35.71278
            ],
            [
              128.45279,
              35.71303
            ],
            [
              128.4515,
              35.71392
            ],
            [
              128.45108,
              35.71423
            ],
            [
              128.45067,
              35.71454
            ],
            [
              128.45034,
              35.71483
            ],
            [
              128.44999,
              35.71515
            ],
            [
              128.4497,
              35.71546
            ],
            [
              128.44958,
              35.71561
            ],
            [
              128.44949,
              35.71572
            ],
            [
              128.44928,
              35.71602
            ],
            [
              128.44924,
              35.71607
            ],
            [
              128.44888,
              35.71673
            ],
            [
              128.44876,
              35.71698
            ],
            [
              128.4487,
              35.71711
            ],
            [
              128.44868,
              35.71715
            ],
            [
              128.44858,
              35.7173
            ],
            [
              128.4485,
              35.71737
            ],
            [
              128.44831,
              35.71752
            ],
            [
              128.44818,
              35.71761
            ],
            [
              128.446,
              35.71908
            ],
            [
              128.44591,
              35.71911
            ],
            [
              128.44353,
              35.7188
            ],
            [
              128.44013,
              35.71888
            ],
            [
              128.43902,
              35.71878
            ],
            [
              128.4383,
              35.71873
            ],
            [
              128.43673,
              35.71874
            ],
            [
              128.43658,
              35.71874
            ],
            [
              128.4341,
              35.71881
            ],
            [
              128.43391,
              35.7202
            ],
            [
              128.43376,
              35.72093
            ],
            [
              128.43372,
              35.72113
            ],
            [
              128.43325,
              35.72322
            ],
            [
              128.43312,
              35.72382
            ],
            [
              128.43309,
              35.72392
            ],
            [
              128.4329,
              35.72461
            ],
            [
              128.4325,
              35.72538
            ],
            [
              128.43233,
              35.72559
            ],
            [
              128.43182,
              35.72627
            ],
            [
              128.43035,
              35.72802
            ],
            [
              128.4303,
              35.72808
            ],
            [
              128.42984,
              35.72847
            ],
            [
              128.42933,
              35.72887
            ],
            [
              128.42915,
              35.729
            ],
            [
              128.42893,
              35.72915
            ],
            [
              128.42875,
              35.72925
            ],
            [
              128.42828,
              35.72947
            ],
            [
              128.42607,
              35.73054
            ],
            [
              128.42168,
              35.73272
            ],
            [
              128.41958,
              35.73388
            ],
            [
              128.41915,
              35.73423
            ],
            [
              128.41876,
              35.73455
            ],
            [
              128.41811,
              35.7351
            ],
            [
              128.41798,
              35.73522
            ],
            [
              128.41656,
              35.73663
            ],
            [
              128.41566,
              35.73704
            ],
            [
              128.4148,
              35.73738
            ],
            [
              128.41436,
              35.73755
            ],
            [
              128.41395,
              35.73766
            ],
            [
              128.41338,
              35.73775
            ],
            [
              128.41286,
              35.73782
            ],
            [
              128.41122,
              35.73798
            ],
            [
              128.41004,
              35.7381
            ],
            [
              128.40723,
              35.73868
            ],
            [
              128.4062,
              35.73895
            ],
            [
              128.40531,
              35.73926
            ],
            [
              128.40442,
              35.73959
            ],
            [
              128.40333,
              35.7401
            ],
            [
              128.40295,
              35.74029
            ],
            [
              128.40159,
              35.74109
            ],
            [
              128.40077,
              35.74161
            ],
            [
              128.39897,
              35.74272
            ],
            [
              128.39827,
              35.7431
            ],
            [
              128.39779,
              35.74336
            ],
            [
              128.39746,
              35.7435
            ],
            [
              128.39632,
              35.74397
            ],
            [
              128.39489,
              35.74445
            ],
            [
              128.39404,
              35.74484
            ],
            [
              128.39389,
              35.74492
            ],
            [
              128.39374,
              35.74498
            ],
            [
              128.39371,
              35.745
            ],
            [
              128.39264,
              35.74553
            ],
            [
              128.39201,
              35.74613
            ],
            [
              128.39146,
              35.74671
            ],
            [
              128.39083,
              35.74746
            ],
            [
              128.39076,
              35.74754
            ],
            [
              128.3898,
              35.74869
            ],
            [
              128.38891,
              35.74986
            ],
            [
              128.38845,
              35.75061
            ],
            [
              128.38603,
              35.75503
            ],
            [
              128.38581,
              35.75554
            ],
            [
              128.38567,
              35.75588
            ],
            [
              128.38548,
              35.75645
            ],
            [
              128.38531,
              35.75715
            ],
            [
              128.38517,
              35.75788
            ],
            [
              128.38513,
              35.75875
            ],
            [
              128.38512,
              35.75928
            ],
            [
              128.38512,
              35.75951
            ],
            [
              128.38519,
              35.76027
            ],
            [
              128.38539,
              35.7611
            ],
            [
              128.38546,
              35.76129
            ],
            [
              128.38567,
              35.76185
            ],
            [
              128.38601,
              35.76258
            ],
            [
              128.38644,
              35.76335
            ],
            [
              128.3867,
              35.76373
            ],
            [
              128.38711,
              35.76422
            ],
            [
              128.38858,
              35.76584
            ],
            [
              128.38907,
              35.76634
            ],
            [
              128.3893,
              35.76656
            ],
            [
              128.39011,
              35.76737
            ],
            [
              128.39245,
              35.76979
            ],
            [
              128.39317,
              35.77056
            ],
            [
              128.39403,
              35.77148
            ],
            [
              128.39506,
              35.77269
            ],
            [
              128.3964,
              35.77436
            ],
            [
              128.39683,
              35.77491
            ],
            [
              128.39703,
              35.77516
            ],
            [
              128.39779,
              35.77616
            ],
            [
              128.39866,
              35.77739
            ],
            [
              128.39904,
              35.77793
            ],
            [
              128.39908,
              35.77801
            ],
            [
              128.40001,
              35.77963
            ],
            [
              128.40041,
              35.78043
            ],
            [
              128.40079,
              35.78119
            ],
            [
              128.40144,
              35.78252
            ],
            [
              128.40229,
              35.78437
            ],
            [
              128.40251,
              35.78513
            ],
            [
              128.40278,
              35.78596
            ],
            [
              128.40341,
              35.78772
            ],
            [
              128.4049,
              35.79141
            ],
            [
              128.40605,
              35.7939
            ],
            [
              128.4068,
              35.79537
            ],
            [
              128.40742,
              35.79653
            ],
            [
              128.40779,
              35.79711
            ],
            [
              128.40825,
              35.79767
            ],
            [
              128.40861,
              35.79806
            ],
            [
              128.40904,
              35.79849
            ],
            [
              128.41094,
              35.80028
            ],
            [
              128.41405,
              35.80313
            ],
            [
              128.41774,
              35.8068
            ],
            [
              128.41867,
              35.80778
            ],
            [
              128.41956,
              35.80868
            ],
            [
              128.42028,
              35.80936
            ],
            [
              128.42072,
              35.80963
            ],
            [
              128.42116,
              35.80979
            ],
            [
              128.42198,
              35.80988
            ],
            [
              128.4225,
              35.80989
            ],
            [
              128.42572,
              35.80979
            ],
            [
              128.42674,
              35.80976
            ],
            [
              128.4277,
              35.8097
            ],
            [
              128.42913,
              35.80962
            ],
            [
              128.42927,
              35.80961
            ],
            [
              128.43,
              35.80955
            ],
            [
              128.43061,
              35.80948
            ],
            [
              128.43126,
              35.8094
            ],
            [
              128.43173,
              35.80934
            ],
            [
              128.43344,
              35.80912
            ],
            [
              128.43478,
              35.80897
            ],
            [
              128.43848,
              35.80857
            ],
            [
              128.43904,
              35.80852
            ],
            [
              128.43987,
              35.80848
            ],
            [
              128.44392,
              35.80846
            ],
            [
              128.4443,
              35.80845
            ],
            [
              128.44659,
              35.80844
            ],
            [
              128.44779,
              35.80858
            ],
            [
              128.4489,
              35.80875
            ],
            [
              128.4504,
              35.80907
            ],
            [
              128.45104,
              35.80921
            ],
            [
              128.45117,
              35.80923
            ],
            [
              128.45152,
              35.80929
            ],
            [
              128.45198,
              35.80934
            ],
            [
              128.4527,
              35.80936
            ],
            [
              128.45921,
              35.80898
            ],
            [
              128.46371,
              35.80869
            ],
            [
              128.46579,
              35.80847
            ],
            [
              128.46612,
              35.80844
            ],
            [
              128.46675,
              35.8084
            ],
            [
              128.4676,
              35.80834
            ],
            [
              128.46826,
              35.80833
            ],
            [
              128.46913,
              35.80844
            ],
            [
              128.47016,
              35.80865
            ],
            [
              128.47105,
              35.80893
            ],
            [
              128.47226,
              35.80953
            ],
            [
              128.47362,
              35.81018
            ],
            [
              128.47443,
              35.81065
            ],
            [
              128.47536,
              35.81125
            ],
            [
              128.47552,
              35.81137
            ],
            [
              128.47562,
              35.81144
            ],
            [
              128.47603,
              35.81173
            ],
            [
              128.4772,
              35.81268
            ],
            [
              128.4777,
              35.81319
            ],
            [
              128.47818,
              35.81376
            ],
            [
              128.47878,
              35.81468
            ],
            [
              128.47984,
              35.81653
            ],
            [
              128.48024,
              35.81725
            ],
            [
              128.48043,
              35.81775
            ],
            [
              128.48853,
              35.81746
            ],
            [
              128.48946,
              35.81705
            ],
            [
              128.49236,
              35.81612
            ],
            [
              128.49255,
              35.81622
            ],
            [
              128.49324,
              35.8166
            ],
            [
              128.49339,
              35.81667
            ],
            [
              128.49418,
              35.81694
            ],
            [
              128.49459,
              35.81705
            ],
            [
              128.49496,
              35.81714
            ],
            [
              128.49554,
              35.81719
            ],
            [
              128.49602,
              35.81719
            ],
            [
              128.49678,
              35.81712
            ],
            [
              128.49723,
              35.81707
            ],
            [
              128.49749,
              35.81703
            ],
            [
              128.499,
              35.81679
            ],
            [
              128.50008,
              35.81653
            ],
            [
              128.50164,
              35.81595
            ],
            [
              128.50261,
              35.81558
            ],
            [
              128.50535,
              35.81454
            ],
            [
              128.50521,
              35.81437
            ],
            [
              128.50573,
              35.81404
            ],
            [
              128.5065,
              35.81358
            ],
            [
              128.50832,
              35.81252
            ],
            [
              128.50844,
              35.81246
            ],
            [
              128.50893,
              35.8122
            ],
            [
              128.50949,
              35.81203
            ],
            [
              128.51068,
              35.81175
            ],
            [
              128.51178,
              35.81142
            ],
            [
              128.51268,
              35.81114
            ],
            [
              128.51292,
              35.81097
            ],
            [
              128.51323,
              35.81045
            ],
            [
              128.51332,
              35.81026
            ],
            [
              128.51348,
              35.80994
            ],
            [
              128.51349,
              35.80991
            ],
            [
              128.51312,
              35.80976
            ],
            [
              128.51167,
              35.80914
            ],
            [
              128.51078,
              35.80877
            ],
            [
              128.5095,
              35.80823
            ],
            [
              128.50852,
              35.80782
            ],
            [
              128.50791,
              35.80643
            ],
            [
              128.50786,
              35.80619
            ],
            [
              128.50785,
              35.80613
            ],
            [
              128.50795,
              35.80599
            ],
            [
              128.50808,
              35.80588
            ],
            [
              128.50827,
              35.80581
            ],
            [
              128.51155,
              35.80521
            ],
            [
              128.5139,
              35.80401
            ],
            [
              128.5139,
              35.80396
            ],
            [
              128.51392,
              35.80382
            ],
            [
              128.51626,
              35.79915
            ],
            [
              128.51635,
              35.79902
            ],
            [
              128.51713,
              35.79821
            ],
            [
              128.51747,
              35.79787
            ],
            [
              128.5186,
              35.79699
            ],
            [
              128.52523,
              35.7924
            ],
            [
              128.52542,
              35.79243
            ],
            [
              128.52562,
              35.79242
            ],
            [
              128.52656,
              35.79229
            ],
            [
              128.52693,
              35.79221
            ],
            [
              128.52705,
              35.79209
            ],
            [
              128.52719,
              35.79151
            ],
            [
              128.52746,
              35.79003
            ],
            [
              128.5275,
              35.78939
            ],
            [
              128.52754,
              35.78927
            ],
            [
              128.52762,
              35.7891
            ],
            [
              128.52816,
              35.78808
            ],
            [
              128.52835,
              35.78795
            ],
            [
              128.52845,
              35.78791
            ],
            [
              128.5286,
              35.78786
            ],
            [
              128.53278,
              35.78652
            ],
            [
              128.53299,
              35.7865
            ],
            [
              128.53754,
              35.78646
            ],
            [
              128.53767,
              35.78647
            ],
            [
              128.5379,
              35.78656
            ],
            [
              128.54014,
              35.78767
            ],
            [
              128.54156,
              35.78787
            ],
            [
              128.54172,
              35.78743
            ],
            [
              128.54184,
              35.78725
            ],
            [
              128.54198,
              35.78706
            ],
            [
              128.5421,
              35.787
            ],
            [
              128.54324,
              35.78654
            ],
            [
              128.54339,
              35.78648
            ],
            [
              128.54629,
              35.78342
            ],
            [
              128.54648,
              35.78309
            ],
            [
              128.54767,
              35.78192
            ],
            [
              128.54854,
              35.78119
            ],
            [
              128.5489,
              35.78091
            ],
            [
              128.54923,
              35.78074
            ],
            [
              128.54955,
              35.78065
            ],
            [
              128.54981,
              35.78052
            ],
            [
              128.55077,
              35.78004
            ],
            [
              128.55111,
              35.77986
            ],
            [
              128.55143,
              35.77963
            ],
            [
              128.55167,
              35.77943
            ],
            [
              128.55182,
              35.77925
            ],
            [
              128.55202,
              35.77888
            ],
            [
              128.55294,
              35.77713
            ],
            [
              128.55299,
              35.77695
            ],
            [
              128.55321,
              35.77571
            ],
            [
              128.55319,
              35.77553
            ],
            [
              128.55313,
              35.77518
            ],
            [
              128.55417,
              35.77293
            ],
            [
              128.55329,
              35.77246
            ],
            [
              128.54932,
              35.76789
            ],
            [
              128.54922,
              35.76777
            ],
            [
              128.54916,
              35.76767
            ],
            [
              128.54911,
              35.76756
            ],
            [
              128.54907,
              35.76731
            ],
            [
              128.54908,
              35.76701
            ],
            [
              128.54921,
              35.76391
            ],
            [
              128.54923,
              35.76376
            ],
            [
              128.54928,
              35.76358
            ],
            [
              128.54942,
              35.76331
            ],
            [
              128.54961,
              35.76303
            ],
            [
              128.55036,
              35.76216
            ],
            [
              128.55045,
              35.76209
            ],
            [
              128.55073,
              35.76191
            ],
            [
              128.55085,
              35.76181
            ],
            [
              128.55088,
              35.76177
            ],
            [
              128.55091,
              35.76172
            ],
            [
              128.55093,
              35.76159
            ],
            [
              128.55094,
              35.76124
            ],
            [
              128.55091,
              35.76113
            ],
            [
              128.55087,
              35.76095
            ],
            [
              128.55081,
              35.76088
            ],
            [
              128.55069,
              35.76081
            ],
            [
              128.545,
              35.75773
            ],
            [
              128.54493,
              35.75769
            ],
            [
              128.54318,
              35.75702
            ],
            [
              128.54301,
              35.75697
            ],
            [
              128.54288,
              35.75694
            ],
            [
              128.54273,
              35.75691
            ],
            [
              128.54202,
              35.75685
            ],
            [
              128.54194,
              35.75686
            ],
            [
              128.53653,
              35.75407
            ],
            [
              128.53524,
              35.75335
            ],
            [
              128.5352,
              35.75265
            ],
            [
              128.53521,
              35.75259
            ],
            [
              128.53731,
              35.74633
            ],
            [
              128.53854,
              35.74337
            ],
            [
              128.54014,
              35.73801
            ],
            [
              128.54021,
              35.73774
            ],
            [
              128.54021,
              35.73759
            ],
            [
              128.54008,
              35.73727
            ],
            [
              128.53913,
              35.73578
            ],
            [
              128.53909,
              35.73573
            ],
            [
              128.5389,
              35.73578
            ],
            [
              128.53864,
              35.73588
            ],
            [
              128.53806,
              35.73616
            ],
            [
              128.53749,
              35.73635
            ],
            [
              128.53599,
              35.73671
            ],
            [
              128.53561,
              35.73672
            ],
            [
              128.5353,
              35.73665
            ],
            [
              128.53211,
              35.73569
            ],
            [
              128.53166,
              35.73548
            ],
            [
              128.53154,
              35.7354
            ],
            [
              128.53022,
              35.73355
            ],
            [
              128.52739,
              35.72949
            ],
            [
              128.52702,
              35.72894
            ],
            [
              128.52692,
              35.72865
            ],
            [
              128.52681,
              35.72815
            ],
            [
              128.52683,
              35.72801
            ],
            [
              128.52651,
              35.72272
            ],
            [
              128.52646,
              35.72238
            ],
            [
              128.52644,
              35.72229
            ],
            [
              128.52638,
              35.72207
            ],
            [
              128.52626,
              35.72177
            ],
            [
              128.52611,
              35.72149
            ],
            [
              128.5259,
              35.7212
            ],
            [
              128.52561,
              35.72085
            ],
            [
              128.52483,
              35.72
            ],
            [
              128.52475,
              35.71994
            ],
            [
              128.52314,
              35.71888
            ],
            [
              128.52208,
              35.72008
            ],
            [
              128.52152,
              35.72064
            ],
            [
              128.51838,
              35.72287
            ],
            [
              128.5182,
              35.72292
            ],
            [
              128.5142,
              35.72468
            ],
            [
              128.51171,
              35.72581
            ],
            [
              128.50751,
              35.72793
            ],
            [
              128.50738,
              35.72798
            ],
            [
              128.50718,
              35.72804
            ],
            [
              128.50709,
              35.72806
            ],
            [
              128.50687,
              35.72809
            ],
            [
              128.50653,
              35.72807
            ],
            [
              128.50627,
              35.72801
            ],
            [
              128.50546,
              35.72775
            ],
            [
              128.50533,
              35.72789
            ],
            [
              128.50518,
              35.72796
            ],
            [
              128.50482,
              35.72807
            ],
            [
              128.50443,
              35.72814
            ],
            [
              128.50405,
              35.72812
            ],
            [
              128.50377,
              35.72808
            ],
            [
              128.50348,
              35.72786
            ],
            [
              128.50339,
              35.72772
            ],
            [
              128.50337,
              35.72752
            ],
            [
              128.5034,
              35.72732
            ],
            [
              128.50338,
              35.72707
            ],
            [
              128.50335,
              35.72697
            ],
            [
              128.5033,
              35.72682
            ],
            [
              128.50322,
              35.72668
            ],
            [
              128.50295,
              35.72638
            ],
            [
              128.50287,
              35.72634
            ],
            [
              128.49999,
              35.72591
            ],
            [
              128.49991,
              35.7259
            ],
            [
              128.49983,
              35.72589
            ],
            [
              128.495,
              35.72547
            ],
            [
              128.49311,
              35.72511
            ],
            [
              128.4917,
              35.72444
            ]
          ]
        ]
      }
    },
    {
      "type": "Feature",
      "properties": {
        "zone_id": 13,
        "zone_code": "Z13",
        "name": "13구간 (달성남부·현풍·유가테크노·대구국가산단·구지)",
        "urban_only": true
      },
      "geometry": {
        "type": "Polygon",
        "coordinates": [
          [
            [
              128.4602,
              35.64053
            ],
            [
              128.45989,
              35.6405
            ],
            [
              128.45965,
              35.64047
            ],
            [
              128.4595,
              35.64046
            ],
            [
              128.45874,
              35.64025
            ],
            [
              128.45731,
              35.63963
            ],
            [
              128.45542,
              35.63748
            ],
            [
              128.45529,
              35.63743
            ],
            [
              128.45472,
              35.63722
            ],
            [
              128.45454,
              35.63722
            ],
            [
              128.45428,
              35.63723
            ],
            [
              128.45018,
              35.63803
            ],
            [
              128.44779,
              35.63805
            ],
            [
              128.44721,
              35.63828
            ],
            [
              128.44681,
              35.63836
            ],
            [
              128.44669,
              35.63839
            ],
            [
              128.44659,
              35.63839
            ],
            [
              128.4465,
              35.63837
            ],
            [
              128.44644,
              35.63835
            ],
            [
              128.44636,
              35.6383
            ],
            [
              128.4462,
              35.63819
            ],
            [
              128.43865,
              35.63191
            ],
            [
              128.43794,
              35.6313
            ],
            [
              128.43318,
              35.6254
            ],
            [
              128.43191,
              35.62358
            ],
            [
              128.42857,
              35.62292
            ],
            [
              128.42682,
              35.62353
            ],
            [
              128.42671,
              35.62355
            ],
            [
              128.4266,
              35.62354
            ],
            [
              128.42429,
              35.62244
            ],
            [
              128.42418,
              35.62239
            ],
            [
              128.42408,
              35.62232
            ],
            [
              128.42386,
              35.62194
            ],
            [
              128.42368,
              35.62152
            ],
            [
              128.42364,
              35.62129
            ],
            [
              128.42365,
              35.62079
            ],
            [
              128.4236,
              35.62061
            ],
            [
              128.42352,
              35.62046
            ],
            [
              128.42337,
              35.62033
            ],
            [
              128.4232,
              35.62025
            ],
            [
              128.42311,
              35.62023
            ],
            [
              128.42294,
              35.62019
            ],
            [
              128.42261,
              35.62013
            ],
            [
              128.4217,
              35.62005
            ],
            [
              128.42151,
              35.62004
            ],
            [
              128.42119,
              35.62007
            ],
            [
              128.41958,
              35.62037
            ],
            [
              128.41898,
              35.62057
            ],
            [
              128.41879,
              35.6207
            ],
            [
              128.41868,
              35.62084
            ],
            [
              128.41867,
              35.62087
            ],
            [
              128.41861,
              35.62105
            ],
            [
              128.41841,
              35.62139
            ],
            [
              128.41822,
              35.62152
            ],
            [
              128.41799,
              35.62163
            ],
            [
              128.41763,
              35.62175
            ],
            [
              128.41748,
              35.62176
            ],
            [
              128.41714,
              35.62179
            ],
            [
              128.41708,
              35.62178
            ],
            [
              128.41685,
              35.62176
            ],
            [
              128.41646,
              35.62171
            ],
            [
              128.41637,
              35.62169
            ],
            [
              128.4163,
              35.62167
            ],
            [
              128.41582,
              35.62121
            ],
            [
              128.41503,
              35.6202
            ],
            [
              128.41502,
              35.62015
            ],
            [
              128.41502,
              35.6201
            ],
            [
              128.41507,
              35.62006
            ],
            [
              128.41514,
              35.62002
            ],
            [
              128.4153,
              35.61994
            ],
            [
              128.41537,
              35.61986
            ],
            [
              128.41542,
              35.61971
            ],
            [
              128.41544,
              35.61949
            ],
            [
              128.41544,
              35.61942
            ],
            [
              128.41544,
              35.61932
            ],
            [
              128.41539,
              35.61916
            ],
            [
              128.41526,
              35.61889
            ],
            [
              128.41439,
              35.61793
            ],
            [
              128.41325,
              35.61681
            ],
            [
              128.41311,
              35.61668
            ],
            [
              128.41303,
              35.61661
            ],
            [
              128.411,
              35.61534
            ],
            [
              128.40928,
              35.61506
            ],
            [
              128.40653,
              35.61468
            ],
            [
              128.40596,
              35.6148
            ],
            [
              128.40541,
              35.61517
            ],
            [
              128.40493,
              35.61573
            ],
            [
              128.40278,
              35.61581
            ],
            [
              128.39939,
              35.61592
            ],
            [
              128.39934,
              35.61591
            ],
            [
              128.39606,
              35.61446
            ],
            [
              128.39565,
              35.61426
            ],
            [
              128.39435,
              35.61395
            ],
            [
              128.39216,
              35.61245
            ],
            [
              128.38781,
              35.61015
            ],
            [
              128.38773,
              35.61013
            ],
            [
              128.38716,
              35.61011
            ],
            [
              128.3863,
              35.61009
            ],
            [
              128.38472,
              35.60998
            ],
            [
              128.38423,
              35.60979
            ],
            [
              128.384,
              35.60962
            ],
            [
              128.38388,
              35.60951
            ],
            [
              128.38378,
              35.60939
            ],
            [
              128.38371,
              35.60918
            ],
            [
              128.38365,
              35.60887
            ],
            [
              128.3835,
              35.60824
            ],
            [
              128.3834,
              35.60803
            ],
            [
              128.38323,
              35.60783
            ],
            [
              128.38274,
              35.60732
            ],
            [
              128.38251,
              35.60708
            ],
            [
              128.38247,
              35.60704
            ],
            [
              128.38228,
              35.60694
            ],
            [
              128.382,
              35.60682
            ],
            [
              128.3818,
              35.60678
            ],
            [
              128.38167,
              35.60677
            ],
            [
              128.37828,
              35.60677
            ],
            [
              128.37784,
              35.6068
            ],
            [
              128.37748,
              35.60687
            ],
            [
              128.37727,
              35.60692
            ],
            [
              128.3729,
              35.60843
            ],
            [
              128.37279,
              35.60848
            ],
            [
              128.37277,
              35.6085
            ],
            [
              128.37195,
              35.60932
            ],
            [
              128.3717,
              35.60961
            ],
            [
              128.37149,
              35.60994
            ],
            [
              128.37077,
              35.61116
            ],
            [
              128.37279,
              35.61099
            ],
            [
              128.37446,
              35.61076
            ],
            [
              128.37573,
              35.61057
            ],
            [
              128.37643,
              35.61055
            ],
            [
              128.37758,
              35.61057
            ],
            [
              128.37928,
              35.61073
            ],
            [
              128.38102,
              35.61099
            ],
            [
              128.38271,
              35.61135
            ],
            [
              128.38483,
              35.61188
            ],
            [
              128.38542,
              35.61208
            ],
            [
              128.3861,
              35.61241
            ],
            [
              128.38678,
              35.61289
            ],
            [
              128.38733,
              35.61336
            ],
            [
              128.38796,
              35.61399
            ],
            [
              128.38856,
              35.61478
            ],
            [
              128.38881,
              35.61513
            ],
            [
              128.38903,
              35.61553
            ],
            [
              128.38927,
              35.61611
            ],
            [
              128.38968,
              35.61732
            ],
            [
              128.39011,
              35.61871
            ],
            [
              128.39069,
              35.6201
            ],
            [
              128.39134,
              35.62134
            ],
            [
              128.39168,
              35.62186
            ],
            [
              128.39219,
              35.62265
            ],
            [
              128.3928,
              35.62349
            ],
            [
              128.39569,
              35.62721
            ],
            [
              128.39625,
              35.6279
            ],
            [
              128.39635,
              35.62803
            ],
            [
              128.39904,
              35.6301
            ],
            [
              128.39969,
              35.63045
            ],
            [
              128.4008,
              35.63104
            ],
            [
              128.40168,
              35.63207
            ],
            [
              128.40195,
              35.63285
            ],
            [
              128.4023,
              35.63388
            ],
            [
              128.40245,
              35.63431
            ],
            [
              128.40259,
              35.63557
            ],
            [
              128.40279,
              35.63734
            ],
            [
              128.40291,
              35.64016
            ],
            [
              128.40294,
              35.64142
            ],
            [
              128.40294,
              35.64192
            ],
            [
              128.40242,
              35.64343
            ],
            [
              128.40081,
              35.64493
            ],
            [
              128.39631,
              35.64811
            ],
            [
              128.39164,
              35.64962
            ],
            [
              128.3909,
              35.65003
            ],
            [
              128.38476,
              35.65346
            ],
            [
              128.38161,
              35.65529
            ],
            [
              128.38062,
              35.65603
            ],
            [
              128.37817,
              35.65803
            ],
            [
              128.378,
              35.65817
            ],
            [
              128.37702,
              35.65897
            ],
            [
              128.37568,
              35.66009
            ],
            [
              128.37459,
              35.66105
            ],
            [
              128.37433,
              35.66129
            ],
            [
              128.36824,
              35.66682
            ],
            [
              128.36619,
              35.66852
            ],
            [
              128.36512,
              35.66946
            ],
            [
              128.36392,
              35.67062
            ],
            [
              128.36348,
              35.67104
            ],
            [
              128.36176,
              35.67294
            ],
            [
              128.36134,
              35.67341
            ],
            [
              128.36073,
              35.67412
            ],
            [
              128.35954,
              35.67574
            ],
            [
              128.35895,
              35.67661
            ],
            [
              128.35877,
              35.67691
            ],
            [
              128.35726,
              35.67888
            ],
            [
              128.35554,
              35.6809
            ],
            [
              128.3546,
              35.68235
            ],
            [
              128.35428,
              35.68308
            ],
            [
              128.35407,
              35.68378
            ],
            [
              128.35374,
              35.68511
            ],
            [
              128.35372,
              35.68521
            ],
            [
              128.35343,
              35.6864
            ],
            [
              128.35308,
              35.68764
            ],
            [
              128.3518,
              35.69126
            ],
            [
              128.35069,
              35.69416
            ],
            [
              128.35044,
              35.69525
            ],
            [
              128.35037,
              35.69558
            ],
            [
              128.3504,
              35.69669
            ],
            [
              128.35104,
              35.70288
            ],
            [
              128.35105,
              35.70293
            ],
            [
              128.35108,
              35.703
            ],
            [
              128.35114,
              35.70312
            ],
            [
              128.35126,
              35.70333
            ],
            [
              128.35134,
              35.70344
            ],
            [
              128.35153,
              35.70374
            ],
            [
              128.35164,
              35.70388
            ],
            [
              128.35259,
              35.70491
            ],
            [
              128.35302,
              35.70521
            ],
            [
              128.3533,
              35.70541
            ],
            [
              128.35361,
              35.70562
            ],
            [
              128.35472,
              35.70622
            ],
            [
              128.35629,
              35.70707
            ],
            [
              128.35707,
              35.70733
            ],
            [
              128.35795,
              35.70748
            ],
            [
              128.35833,
              35.70755
            ],
            [
              128.3588,
              35.70758
            ],
            [
              128.35965,
              35.7075
            ],
            [
              128.36066,
              35.70728
            ],
            [
              128.36234,
              35.70676
            ],
            [
              128.36859,
              35.70453
            ],
            [
              128.37517,
              35.70249
            ],
            [
              128.37589,
              35.70228
            ],
            [
              128.37698,
              35.70198
            ],
            [
              128.37809,
              35.7017
            ],
            [
              128.3806,
              35.70114
            ],
            [
              128.38203,
              35.70089
            ],
            [
              128.38277,
              35.70087
            ],
            [
              128.3841,
              35.70095
            ],
            [
              128.38463,
              35.701
            ],
            [
              128.38494,
              35.70103
            ],
            [
              128.38584,
              35.70106
            ],
            [
              128.38673,
              35.70109
            ],
            [
              128.3878,
              35.70107
            ],
            [
              128.38889,
              35.70098
            ],
            [
              128.38918,
              35.70094
            ],
            [
              128.38967,
              35.7008
            ],
            [
              128.3904,
              35.70046
            ],
            [
              128.39082,
              35.70023
            ],
            [
              128.39187,
              35.69956
            ],
            [
              128.39212,
              35.69939
            ],
            [
              128.39282,
              35.69899
            ],
            [
              128.39317,
              35.69878
            ],
            [
              128.39395,
              35.69839
            ],
            [
              128.39446,
              35.69814
            ],
            [
              128.39492,
              35.69792
            ],
            [
              128.39631,
              35.69745
            ],
            [
              128.39706,
              35.69723
            ],
            [
              128.39779,
              35.69704
            ],
            [
              128.39846,
              35.69688
            ],
            [
              128.40993,
              35.69417
            ],
            [
              128.4107,
              35.694
            ],
            [
              128.41357,
              35.69342
            ],
            [
              128.41424,
              35.69328
            ],
            [
              128.41491,
              35.69317
            ],
            [
              128.41523,
              35.69312
            ],
            [
              128.41551,
              35.69309
            ],
            [
              128.41595,
              35.69306
            ],
            [
              128.41663,
              35.69305
            ],
            [
              128.41723,
              35.69307
            ],
            [
              128.41784,
              35.69312
            ],
            [
              128.41834,
              35.69318
            ],
            [
              128.41874,
              35.69326
            ],
            [
              128.41922,
              35.69338
            ],
            [
              128.41989,
              35.69362
            ],
            [
              128.42053,
              35.69388
            ],
            [
              128.4219,
              35.69469
            ],
            [
              128.42241,
              35.695
            ],
            [
              128.42279,
              35.69528
            ],
            [
              128.42307,
              35.6955
            ],
            [
              128.42466,
              35.69674
            ],
            [
              128.42743,
              35.69878
            ],
            [
              128.42854,
              35.69959
            ],
            [
              128.43004,
              35.70066
            ],
            [
              128.43149,
              35.70169
            ],
            [
              128.43152,
              35.70172
            ],
            [
              128.43166,
              35.70181
            ],
            [
              128.43282,
              35.70271
            ],
            [
              128.43317,
              35.70302
            ],
            [
              128.43438,
              35.7048
            ],
            [
              128.43458,
              35.70559
            ],
            [
              128.43482,
              35.70666
            ],
            [
              128.43493,
              35.70798
            ],
            [
              128.43495,
              35.70819
            ],
            [
              128.43497,
              35.70947
            ],
            [
              128.43491,
              35.7107
            ],
            [
              128.43484,
              35.71214
            ],
            [
              128.43444,
              35.71626
            ],
            [
              128.43432,
              35.71721
            ],
            [
              128.4341,
              35.71881
            ],
            [
              128.43658,
              35.71874
            ],
            [
              128.43673,
              35.71874
            ],
            [
              128.4383,
              35.71873
            ],
            [
              128.43902,
              35.71878
            ],
            [
              128.44013,
              35.71888
            ],
            [
              128.44353,
              35.7188
            ],
            [
              128.44591,
              35.71911
            ],
            [
              128.446,
              35.71908
            ],
            [
              128.44818,
              35.71761
            ],
            [
              128.44831,
              35.71752
            ],
            [
              128.4485,
              35.71737
            ],
            [
              128.44858,
              35.7173
            ],
            [
              128.44868,
              35.71715
            ],
            [
              128.4487,
              35.71711
            ],
            [
              128.44876,
              35.71698
            ],
            [
              128.44888,
              35.71673
            ],
            [
              128.44924,
              35.71607
            ],
            [
              128.44928,
              35.71602
            ],
            [
              128.44949,
              35.71572
            ],
            [
              128.44958,
              35.71561
            ],
            [
              128.4497,
              35.71546
            ],
            [
              128.44999,
              35.71515
            ],
            [
              128.45034,
              35.71483
            ],
            [
              128.45067,
              35.71454
            ],
            [
              128.45108,
              35.71423
            ],
            [
              128.4515,
              35.71392
            ],
            [
              128.45279,
              35.71303
            ],
            [
              128.45318,
              35.71278
            ],
            [
              128.4571,
              35.7156
            ],
            [
              128.45754,
              35.71593
            ],
            [
              128.45765,
              35.71601
            ],
            [
              128.45802,
              35.71622
            ],
            [
              128.46052,
              35.71731
            ],
            [
              128.46082,
              35.71742
            ],
            [
              128.46096,
              35.71746
            ],
            [
              128.46103,
              35.71746
            ],
            [
              128.46115,
              35.71742
            ],
            [
              128.46126,
              35.71738
            ],
            [
              128.46219,
              35.71759
            ],
            [
              128.46384,
              35.71853
            ],
            [
              128.46536,
              35.71944
            ],
            [
              128.46695,
              35.72089
            ],
            [
              128.46813,
              35.72195
            ],
            [
              128.46819,
              35.722
            ],
            [
              128.46826,
              35.72206
            ],
            [
              128.46839,
              35.72212
            ],
            [
              128.46848,
              35.72216
            ],
            [
              128.47385,
              35.72364
            ],
            [
              128.47725,
              35.72425
            ],
            [
              128.48228,
              35.72605
            ],
            [
              128.48239,
              35.72609
            ],
            [
              128.4838,
              35.72666
            ],
            [
              128.48679,
              35.72609
            ],
            [
              128.48765,
              35.72568
            ],
            [
              128.49077,
              35.72461
            ],
            [
              128.49101,
              35.72454
            ],
            [
              128.49149,
              35.72442
            ],
            [
              128.49162,
              35.72442
            ],
            [
              128.4917,
              35.72444
            ],
            [
              128.49311,
              35.72511
            ],
            [
              128.495,
              35.72547
            ],
            [
              128.49983,
              35.72589
            ],
            [
              128.49991,
              35.7259
            ],
            [
              128.49999,
              35.72591
            ],
            [
              128.50287,
              35.72634
            ],
            [
              128.50295,
              35.72638
            ],
            [
              128.50322,
              35.72668
            ],
            [
              128.5033,
              35.72682
            ],
            [
              128.50335,
              35.72697
            ],
            [
              128.50338,
              35.72707
            ],
            [
              128.5034,
              35.72732
            ],
            [
              128.50337,
              35.72752
            ],
            [
              128.50339,
              35.72772
            ],
            [
              128.50348,
              35.72786
            ],
            [
              128.50377,
              35.72808
            ],
            [
              128.50405,
              35.72812
            ],
            [
              128.50443,
              35.72814
            ],
            [
              128.50482,
              35.72807
            ],
            [
              128.50518,
              35.72796
            ],
            [
              128.50533,
              35.72789
            ],
            [
              128.50546,
              35.72775
            ],
            [
              128.50627,
              35.72801
            ],
            [
              128.50653,
              35.72807
            ],
            [
              128.50687,
              35.72809
            ],
            [
              128.50709,
              35.72806
            ],
            [
              128.50718,
              35.72804
            ],
            [
              128.50738,
              35.72798
            ],
            [
              128.50751,
              35.72793
            ],
            [
              128.51171,
              35.72581
            ],
            [
              128.5142,
              35.72468
            ],
            [
              128.5182,
              35.72292
            ],
            [
              128.51838,
              35.72287
            ],
            [
              128.52152,
              35.72064
            ],
            [
              128.52208,
              35.72008
            ],
            [
              128.52314,
              35.71888
            ],
            [
              128.52337,
              35.71863
            ],
            [
              128.52347,
              35.71849
            ],
            [
              128.52353,
              35.71839
            ],
            [
              128.52406,
              35.71726
            ],
            [
              128.52412,
              35.71712
            ],
            [
              128.52416,
              35.71701
            ],
            [
              128.52421,
              35.71678
            ],
            [
              128.52422,
              35.71667
            ],
            [
              128.52402,
              35.7164
            ],
            [
              128.52487,
              35.71525
            ],
            [
              128.52607,
              35.71434
            ],
            [
              128.52714,
              35.71361
            ],
            [
              128.52885,
              35.71189
            ],
            [
              128.5295,
              35.71123
            ],
            [
              128.52974,
              35.71097
            ],
            [
              128.53241,
              35.70549
            ],
            [
              128.53248,
              35.70241
            ],
            [
              128.53223,
              35.70168
            ],
            [
              128.53217,
              35.70149
            ],
            [
              128.53152,
              35.69683
            ],
            [
              128.53152,
              35.6968
            ],
            [
              128.53152,
              35.69673
            ],
            [
              128.53157,
              35.69662
            ],
            [
              128.53177,
              35.69641
            ],
            [
              128.53348,
              35.69499
            ],
            [
              128.53361,
              35.69492
            ],
            [
              128.53379,
              35.6949
            ],
            [
              128.53406,
              35.69482
            ],
            [
              128.53426,
              35.69472
            ],
            [
              128.5345,
              35.69458
            ],
            [
              128.53507,
              35.69411
            ],
            [
              128.53514,
              35.69402
            ],
            [
              128.53351,
              35.69139
            ],
            [
              128.53152,
              35.68815
            ],
            [
              128.53141,
              35.68795
            ],
            [
              128.53138,
              35.68778
            ],
            [
              128.53137,
              35.6865
            ],
            [
              128.53146,
              35.68526
            ],
            [
              128.53163,
              35.68412
            ],
            [
              128.53184,
              35.68337
            ],
            [
              128.53349,
              35.68208
            ],
            [
              128.52641,
              35.68238
            ],
            [
              128.52582,
              35.68229
            ],
            [
              128.52513,
              35.68218
            ],
            [
              128.52301,
              35.68159
            ],
            [
              128.52284,
              35.68153
            ],
            [
              128.5191,
              35.67963
            ],
            [
              128.51889,
              35.67949
            ],
            [
              128.51866,
              35.67929
            ],
            [
              128.51838,
              35.679
            ],
            [
              128.51807,
              35.67857
            ],
            [
              128.51754,
              35.67772
            ],
            [
              128.5174,
              35.67729
            ],
            [
              128.51732,
              35.677
            ],
            [
              128.51718,
              35.67666
            ],
            [
              128.51711,
              35.67652
            ],
            [
              128.51705,
              35.67646
            ],
            [
              128.5159,
              35.67579
            ],
            [
              128.51582,
              35.67574
            ],
            [
              128.51199,
              35.67498
            ],
            [
              128.51093,
              35.67487
            ],
            [
              128.51055,
              35.67487
            ],
            [
              128.51021,
              35.67486
            ],
            [
              128.50984,
              35.67479
            ],
            [
              128.50946,
              35.67468
            ],
            [
              128.50913,
              35.67458
            ],
            [
              128.50902,
              35.67452
            ],
            [
              128.50809,
              35.67389
            ],
            [
              128.50788,
              35.67372
            ],
            [
              128.50762,
              35.67347
            ],
            [
              128.50753,
              35.67331
            ],
            [
              128.50749,
              35.67307
            ],
            [
              128.50735,
              35.67207
            ],
            [
              128.50738,
              35.67201
            ],
            [
              128.50757,
              35.67187
            ],
            [
              128.50789,
              35.67165
            ],
            [
              128.50812,
              35.67141
            ],
            [
              128.50853,
              35.67086
            ],
            [
              128.50868,
              35.67058
            ],
            [
              128.50884,
              35.67024
            ],
            [
              128.50897,
              35.66996
            ],
            [
              128.50916,
              35.66943
            ],
            [
              128.50924,
              35.6692
            ],
            [
              128.50926,
              35.66895
            ],
            [
              128.509,
              35.66714
            ],
            [
              128.50881,
              35.66636
            ],
            [
              128.5084,
              35.6645
            ],
            [
              128.5082,
              35.66356
            ],
            [
              128.50817,
              35.66329
            ],
            [
              128.50796,
              35.66
            ],
            [
              128.50717,
              35.6554
            ],
            [
              128.50684,
              35.65222
            ],
            [
              128.50682,
              35.65031
            ],
            [
              128.50681,
              35.65015
            ],
            [
              128.50828,
              35.64925
            ],
            [
              128.50914,
              35.64828
            ],
            [
              128.51061,
              35.64657
            ],
            [
              128.51068,
              35.64635
            ],
            [
              128.51071,
              35.64569
            ],
            [
              128.51068,
              35.64535
            ],
            [
              128.50989,
              35.64301
            ],
            [
              128.50982,
              35.64293
            ],
            [
              128.50892,
              35.64195
            ],
            [
              128.50731,
              35.64047
            ],
            [
              128.50621,
              35.63959
            ],
            [
              128.50567,
              35.63927
            ],
            [
              128.50529,
              35.63908
            ],
            [
              128.50509,
              35.639
            ],
            [
              128.50479,
              35.63896
            ],
            [
              128.50286,
              35.63869
            ],
            [
              128.50221,
              35.63871
            ],
            [
              128.50064,
              35.63892
            ],
            [
              128.4978,
              35.63899
            ],
            [
              128.49593,
              35.63836
            ],
            [
              128.49526,
              35.63801
            ],
            [
              128.49488,
              35.63784
            ],
            [
              128.48624,
              35.63558
            ],
            [
              128.48482,
              35.63545
            ],
            [
              128.48286,
              35.63574
            ],
            [
              128.48215,
              35.63726
            ],
            [
              128.48062,
              35.63954
            ],
            [
              128.47981,
              35.64011
            ],
            [
              128.47892,
              35.64035
            ],
            [
              128.47765,
              35.64043
            ],
            [
              128.47701,
              35.64022
            ],
            [
              128.47487,
              35.63935
            ],
            [
              128.47379,
              35.63884
            ],
            [
              128.47272,
              35.63827
            ],
            [
              128.47246,
              35.6381
            ],
            [
              128.47234,
              35.63802
            ],
            [
              128.46981,
              35.63634
            ],
            [
              128.46935,
              35.63635
            ],
            [
              128.46694,
              35.63638
            ],
            [
              128.4652,
              35.63713
            ],
            [
              128.46466,
              35.63743
            ],
            [
              128.46344,
              35.63813
            ],
            [
              128.46159,
              35.63997
            ],
            [
              128.46137,
              35.64027
            ],
            [
              128.46113,
              35.64061
            ],
            [
              128.4602,
              35.64053
            ]
          ]
        ]
      }
    }
  ]
}